City_ID,City,Country,Date,Lat,Lng,Max Temp,Humidity,Cloudiness,Wind Speed
0,Chuy,UY,2022-06-06 17:37:29,-33.6971,-53.4616,59.05,72,100,7.74
1,Mataura,NZ,2022-06-06 17:37:30,-46.1927,168.8643,43.63,87,93,4.5
2,Lavrentiya,RU,2022-06-06 17:37:30,65.5833,-171.0,38.86,72,88,1.5
3,Repalle,IN,2022-06-06 17:37:31,16.0167,80.85,88.34,59,92,12.73
4,Geraldton,AU,2022-06-06 17:37:31,-28.7667,114.6,59.41,44,0,14.97
5,Upernavik,GL,2022-06-06 17:37:32,72.7868,-56.1549,31.46,70,9,9.84
6,Bubaque,GW,2022-06-06 17:37:32,11.2833,-15.8333,80.94,80,82,15.68
7,Olafsvik,IS,2022-06-06 17:37:32,64.8945,-23.7142,47.68,61,100,10.07
8,Hermanus,ZA,2022-06-06 17:37:33,-34.4187,19.2345,65.73,42,3,7.61
9,Tiksi,RU,2022-06-06 17:37:33,71.6872,128.8694,36.57,96,100,5.75
10,Rikitea,PF,2022-06-06 17:37:34,-23.1203,-134.9692,72.54,71,93,18.61
11,Albany,US,2022-06-06 17:33:13,42.6001,-73.9662,78.78,38,76,3.8
12,Cabedelo,BR,2022-06-06 17:37:35,-6.9811,-34.8339,81.27,79,28,15.08
13,Auki,SB,2022-06-06 17:37:35,-8.7676,160.7034,75.94,88,16,3.76
14,Presidencia Roque Saenz Pena,AR,2022-06-06 17:37:35,-26.7852,-60.4388,59.63,96,100,8.21
15,Yellowknife,CA,2022-06-06 17:33:13,62.456,-114.3525,68.56,37,75,5.75
16,Cape Town,ZA,2022-06-06 17:37:36,-33.9258,18.4232,69.39,38,0,3.44
17,Namibe,AO,2022-06-06 17:37:36,-15.1961,12.1522,83.03,61,0,13.8
18,Hilo,US,2022-06-06 17:37:37,19.7297,-155.09,86.29,77,0,8.05
19,Huarmey,PE,2022-06-06 17:37:37,-10.0681,-78.1522,69.31,75,39,8.79
20,Gat,IL,2022-06-06 17:37:38,31.61,34.7642,78.4,100,43,5.93
21,Cherskiy,RU,2022-06-06 17:37:38,68.75,161.3,35.67,63,7,10.67
22,Kavaratti,IN,2022-06-06 17:37:38,10.5669,72.642,83.7,76,100,18.21
23,Atuona,PF,2022-06-06 17:37:39,-9.8,-139.0333,78.26,73,17,14.63
24,La Rioja,ES,2022-06-06 17:37:40,42.25,-2.5,74.98,61,92,4.85
25,Jardim,BR,2022-06-06 17:37:40,-21.4803,-56.1381,90.1,29,96,9.69
26,Peniche,PT,2022-06-06 17:37:41,39.3558,-9.3811,73.29,85,64,10.67
27,Mar Del Plata,AR,2022-06-06 17:37:41,-38.0023,-57.5575,64.42,57,0,8.05
28,Chama,CH,2022-06-06 17:37:42,47.1821,8.4636,72.28,75,100,3.44
29,Lompoc,US,2022-06-06 17:33:06,34.6391,-120.4579,77.85,81,40,21.0
30,Cidreira,BR,2022-06-06 17:37:42,-30.1811,-50.2056,66.72,92,100,2.98
31,Haverfordwest,GB,2022-06-06 17:37:43,51.8017,-4.9691,62.19,80,36,5.12
32,Sayyan,YE,2022-06-06 17:37:43,15.1718,44.3244,67.32,32,25,1.52
33,Talnakh,RU,2022-06-06 17:37:44,69.4865,88.3972,36.21,60,97,3.87
34,Busselton,AU,2022-06-06 17:37:44,-33.65,115.3333,51.31,72,0,12.84
35,Havre-Saint-Pierre,CA,2022-06-06 17:37:45,50.2334,-63.5986,62.96,48,40,17.27
36,Calama,CL,2022-06-06 17:37:45,-22.4667,-68.9333,63.09,34,75,5.75
37,Nikolskoye,RU,2022-06-06 17:37:46,59.7035,30.7861,58.91,63,5,4.97
38,Kharp,RU,2022-06-06 17:37:47,66.8014,65.8081,49.89,49,37,5.17
39,Torbay,CA,2022-06-06 17:37:47,47.6666,-52.7314,61.57,54,75,9.22
40,Puerto Baquerizo Moreno,EC,2022-06-06 17:37:47,-0.9,-89.6,76.19,73,75,9.22
41,Taoudenni,ML,2022-06-06 17:37:48,22.6783,-3.9836,111.99,4,47,10.92
42,The Valley,AI,2022-06-06 17:37:49,18.217,-63.0578,86.14,70,20,16.11
43,Thompson,CA,2022-06-06 17:37:49,55.7435,-97.8558,60.96,25,20,10.36
44,Kholmogory,RU,2022-06-06 17:37:50,64.2229,41.656,46.92,78,97,8.86
45,Carnarvon,AU,2022-06-06 17:37:50,-24.8667,113.6333,70.43,51,0,4.9
46,Marsa Matruh,EG,2022-06-06 17:38:51,31.3525,27.2453,77.2,73,0,10.36
47,Maniitsoq,GL,2022-06-06 17:38:51,65.4167,-52.9,42.82,58,0,18.75
48,Fortuna,US,2022-06-06 17:38:52,40.5982,-124.1573,61.93,86,100,8.05
49,Georgetown,MY,2022-06-06 17:36:49,5.4112,100.3354,82.33,93,40,5.99
50,Grafton,US,2022-06-06 17:34:08,42.207,-71.6856,81.25,32,20,5.75
51,Ushuaia,AR,2022-06-06 17:36:39,-54.8,-68.3,38.82,80,20,2.3
52,Mezen,RU,2022-06-06 17:38:53,65.8522,44.24,50.81,95,98,4.72
53,Haines Junction,CA,2022-06-06 17:38:53,60.7522,-137.5108,57.15,58,82,2.3
54,Kapoeta,SS,2022-06-06 17:38:53,4.7717,33.5903,86.18,35,95,5.95
55,Arraial Do Cabo,BR,2022-06-06 17:38:54,-22.9661,-42.0278,78.76,47,0,14.97
56,Marawi,PH,2022-06-06 17:38:54,7.9986,124.2928,68.88,89,83,3.56
57,Shudayag,RU,2022-06-06 17:38:55,63.5266,53.6058,55.72,65,51,5.26
58,Butaritari,KI,2022-06-06 17:38:55,3.0707,172.7902,81.05,78,37,14.72
59,Flin Flon,CA,2022-06-06 17:38:56,54.7682,-101.865,64.24,42,75,5.75
60,Bluff,NZ,2022-06-06 17:38:56,-46.6,168.3333,48.47,75,86,12.12
61,Linjiang,CN,2022-06-06 17:38:57,41.8069,126.9078,54.03,87,100,2.06
62,Nyurba,RU,2022-06-06 17:38:57,63.2842,118.3319,50.59,96,36,2.89
63,Norman Wells,CA,2022-06-06 17:38:57,65.282,-126.8329,50.04,71,75,11.5
64,Barrow,US,2022-06-06 17:36:36,71.2906,-156.7887,24.82,86,100,14.97
65,Jamestown,US,2022-06-06 17:38:17,42.097,-79.2353,80.53,38,0,12.66
66,Morondava,MG,2022-06-06 17:38:58,-20.2833,44.2833,74.7,79,5,10.07
67,Egvekinot,RU,2022-06-06 17:38:59,66.3167,-179.1667,39.29,62,99,4.72
68,Santa Vitoria Do Palmar,BR,2022-06-06 17:38:59,-33.5189,-53.3681,59.29,74,100,8.08
69,Caravelas,BR,2022-06-06 17:38:59,-17.7125,-39.2481,76.1,54,62,5.3
70,Kupang,ID,2022-06-06 17:39:00,-10.1667,123.5833,77.45,86,35,8.19
71,Tuktoyaktuk,CA,2022-06-06 17:39:01,69.4541,-133.0374,28.4,80,75,11.5
72,Hobart,AU,2022-06-06 17:37:00,-42.8794,147.3294,41.25,82,40,8.05
73,Taman,RU,2022-06-06 17:39:01,45.2117,36.7161,70.41,66,62,21.52
74,Svetlyy,RU,2022-06-06 17:39:02,54.675,20.1347,69.85,78,100,7.05
75,Husavik,IS,2022-06-06 17:39:02,66.0449,-17.3389,46.0,61,24,10.56
76,Sola,VU,2022-06-06 17:39:03,-13.8833,167.55,80.28,78,87,19.51
77,Santa Rosa,PH,2022-06-06 17:39:03,14.3122,121.1114,84.18,79,13,2.89
78,Merauke,ID,2022-06-06 17:39:04,-8.4667,140.3333,77.97,86,33,6.96
79,Burnie,AU,2022-06-06 17:35:52,-41.0667,145.9167,44.02,82,98,12.44
80,Iqaluit,CA,2022-06-06 17:39:05,63.7506,-68.5145,49.73,57,75,18.41
81,Binidayan,PH,2022-06-06 17:39:06,7.8067,124.1685,68.16,89,80,1.88
82,Sinop,TR,2022-06-06 17:39:06,41.7711,34.8709,59.2,79,15,2.53
83,Cumana,VE,2022-06-06 17:39:07,10.4635,-64.1775,81.21,78,100,2.51
84,Praia Da Vitoria,PT,2022-06-06 17:39:08,38.7333,-27.0667,73.65,78,75,12.24
85,Esperance,AU,2022-06-06 17:39:08,-33.8667,121.9,55.62,61,100,4.68
86,Codrington,AU,2022-06-06 17:39:09,-38.2667,141.9667,48.34,82,100,18.19
87,Kodiak,US,2022-06-06 17:39:09,57.79,-152.4072,53.11,71,100,8.05
88,Bud,US,2022-06-06 17:39:10,39.447,-86.1758,84.18,61,99,15.35
89,Vikulovo,RU,2022-06-06 17:39:10,56.8167,70.6107,49.1,85,68,4.94
90,Souillac,MU,2022-06-06 17:40:12,-20.5167,57.5167,71.98,83,40,2.3
91,Udachnyy,RU,2022-06-06 17:40:13,66.4167,112.4,43.45,86,98,5.59
92,Kloulklubed,PW,2022-06-06 17:40:14,7.0419,134.2556,73.9,71,100,2.64
93,Ancud,CL,2022-06-06 17:40:15,-41.8697,-73.8203,50.36,98,100,4.29
94,Mecca,SA,2022-06-06 17:35:38,21.4267,39.8261,92.39,27,4,5.53
95,Lazaro Cardenas,MX,2022-06-06 17:40:15,17.9583,-102.2,84.72,59,20,9.78
96,Karakol,KG,2022-06-06 17:40:16,42.4907,78.3936,52.32,70,77,4.09
97,Sao Filipe,CV,2022-06-06 17:40:16,14.8961,-24.4956,76.77,73,1,12.93
98,Bethel,US,2022-06-06 17:40:17,41.3712,-73.414,82.18,38,0,6.91
99,Flinders,AU,2022-06-06 17:40:17,-34.5833,150.8552,52.38,65,10,14.0
100,Puerto Ayora,EC,2022-06-06 17:40:18,-0.7393,-90.3518,76.96,88,68,5.99
101,Punta Arenas,CL,2022-06-06 17:40:18,-53.15,-70.9167,37.42,93,75,16.11
102,Sao Felix Do Xingu,BR,2022-06-06 17:40:19,-6.6447,-51.995,86.09,55,58,3.71
103,Toamasina,MG,2022-06-06 17:40:19,-18.1667,49.3833,71.6,88,75,4.61
104,Price,US,2022-06-06 17:40:20,39.5994,-110.8107,78.12,25,0,0.0
105,Bredasdorp,ZA,2022-06-06 17:40:20,-34.5322,20.0403,60.42,41,1,3.65
106,Port Elizabeth,ZA,2022-06-06 17:35:21,-33.918,25.5701,66.31,56,4,5.75
107,Luderitz,NA,2022-06-06 17:40:21,-26.6481,15.1594,68.09,37,2,7.18
108,Kaitangata,NZ,2022-06-06 17:40:21,-46.2817,169.8464,48.6,74,60,4.94
109,Saint-Joseph,RE,2022-06-06 17:40:22,-21.3667,55.6167,71.98,79,34,10.27
110,North Platte,US,2022-06-06 17:40:22,41.1239,-100.7654,77.11,59,20,4.61
111,Roald,NO,2022-06-06 17:40:23,62.5833,6.1333,61.16,76,0,8.05
112,Acapulco,MX,2022-06-06 17:36:59,16.8634,-99.8901,85.82,66,75,5.75
113,Yerbogachen,RU,2022-06-06 17:40:23,61.2767,108.0108,47.57,72,47,5.08
114,Mananjary,MG,2022-06-06 17:40:24,-21.2167,48.3333,69.31,85,43,5.88
115,Buin,CL,2022-06-06 17:36:25,-33.7333,-70.75,64.74,27,8,2.71
116,Port Alfred,ZA,2022-06-06 17:40:24,-33.5906,26.891,67.57,42,2,5.46
117,East London,ZA,2022-06-06 17:38:55,-33.0153,27.9116,67.14,68,0,6.91
118,Vila Velha,BR,2022-06-06 17:40:25,-20.3297,-40.2925,76.95,67,40,8.05
119,Sainte-Marie,RE,2022-06-06 17:40:26,-20.8968,55.5496,73.56,79,40,16.11
120,Grand Gaube,MU,2022-06-06 17:40:26,-20.0064,57.6608,72.0,75,5,4.0
121,Mishelevka,RU,2022-06-06 17:36:35,52.8575,103.1719,45.09,92,100,18.86
122,Qaanaaq,GL,2022-06-06 17:40:27,77.484,-69.3632,33.33,67,60,4.45
123,Kenai,US,2022-06-06 17:40:27,60.5544,-151.2583,52.14,88,100,13.8
124,Vaini,TO,2022-06-06 17:40:28,-21.2,-175.2,73.56,73,40,9.22
125,Waddan,LY,2022-06-06 17:40:28,29.1614,16.139,91.74,18,0,18.72
126,Lebu,CL,2022-06-06 17:40:28,-37.6167,-73.65,53.83,82,100,14.85
127,Lar,IN,2022-06-06 17:40:29,26.2039,83.9717,95.16,34,50,12.95
128,Narsaq,GL,2022-06-06 17:40:29,60.9167,-46.05,59.22,85,100,5.37
129,Khilok,RU,2022-06-06 17:40:30,51.3674,110.4676,47.32,80,80,4.27
130,Araouane,ML,2022-06-06 17:40:30,18.9048,-3.5265,105.82,7,0,9.71
131,Port Blair,IN,2022-06-06 17:40:31,11.6667,92.75,82.0,78,100,18.97
132,Pella,RU,2022-06-06 17:40:31,59.7775,30.8181,59.05,64,7,4.18
133,Seymour,US,2022-06-06 17:40:32,38.9592,-85.8903,83.75,60,88,8.99
134,New Norfolk,AU,2022-06-06 17:40:32,-42.7826,147.0587,41.92,83,31,1.99
135,Aguimes,ES,2022-06-06 17:40:33,27.9054,-15.4461,72.66,53,20,27.63
136,Atambua,ID,2022-06-06 17:40:33,-9.1061,124.8925,72.03,90,78,4.14
137,Itarema,BR,2022-06-06 17:41:34,-2.9248,-39.9167,83.28,71,70,9.44
138,Ayabaca,PE,2022-06-06 17:41:34,-4.6398,-79.7149,62.92,59,90,6.02
139,Avarua,CK,2022-06-06 17:41:35,-21.2078,-159.775,77.05,78,57,12.66
140,Emerald,AU,2022-06-06 17:41:35,-23.5333,148.1667,55.35,93,35,7.67
141,Dongsheng,CN,2022-06-06 17:41:36,39.8161,109.9776,65.26,25,5,11.61
142,Tokur,RU,2022-06-06 17:41:36,53.1333,132.9,45.91,64,8,2.66
143,Kapaa,US,2022-06-06 17:41:37,22.0752,-159.319,74.12,90,100,5.75
144,Leningradskiy,RU,2022-06-06 17:41:37,69.3833,178.4167,32.94,86,100,8.72
145,Dunedin,NZ,2022-06-06 17:41:38,-45.8742,170.5036,49.8,70,70,8.99
146,Chupa,RU,2022-06-06 17:41:39,66.27,33.0549,47.03,71,98,4.43
147,Bambous Virieux,MU,2022-06-06 17:41:39,-20.3428,57.7575,71.85,83,40,2.3
148,Aklavik,CA,2022-06-06 17:41:40,68.2191,-135.0107,43.21,55,17,7.27
149,Anzio,IT,2022-06-06 17:40:11,41.4853,12.6179,86.99,49,100,14.54
150,Tasiilaq,GL,2022-06-06 17:41:40,65.6145,-37.6368,41.16,66,99,4.21
151,Camacha,PT,2022-06-06 17:41:41,33.0833,-16.3333,67.42,73,75,12.66
152,Koungheul,SN,2022-06-06 17:41:41,13.9833,-14.8,103.5,24,27,9.6
153,Washougal,US,2022-06-06 17:40:08,45.5826,-122.3534,65.43,75,75,5.01
154,Port Lincoln,AU,2022-06-06 17:41:42,-34.7333,135.8667,55.11,76,26,18.14
155,San Quintin,MX,2022-06-06 17:41:42,30.4833,-115.95,69.33,72,54,17.56
156,Isangel,VU,2022-06-06 17:41:43,-19.55,169.2667,73.38,79,23,6.4
157,Kruisfontein,ZA,2022-06-06 17:41:44,-34.0033,24.7314,57.88,57,13,1.45
158,Fredericton,CA,2022-06-06 17:39:51,45.9454,-66.6656,62.37,70,75,3.44
159,Alta Floresta,BR,2022-06-06 17:41:44,-9.8756,-56.0861,93.02,46,40,5.75
160,Rio Gallegos,AR,2022-06-06 17:41:45,-51.6226,-69.2181,44.65,39,0,20.71
161,Asprovalta,GR,2022-06-06 17:41:45,40.7167,23.7,67.96,87,55,3.0
162,Victoria,HK,2022-06-06 17:39:14,22.2855,114.1577,84.38,88,100,8.99
163,Tselinnoye,RU,2022-06-06 17:41:46,53.0833,85.6667,41.07,80,20,6.17
164,Margate,GB,2022-06-06 17:41:46,51.3813,1.3862,60.31,83,100,1.01
165,Boa Vista,BR,2022-06-06 17:41:08,2.8197,-60.6733,82.38,74,40,5.75
166,Saint-Augustin,CA,2022-06-06 17:41:47,51.226,-58.6502,55.67,41,59,5.7
167,Cabo San Lucas,MX,2022-06-06 17:41:47,22.8909,-109.9124,90.61,61,1,5.99
168,Otradnoye,RU,2022-06-06 17:40:31,59.7775,30.8181,59.05,64,7,4.18
169,Cockburn Town,TC,2022-06-06 17:41:33,21.4612,-71.1419,80.74,84,60,15.61
170,Namatanai,PG,2022-06-06 17:41:48,-3.6667,152.4333,78.13,83,79,7.0
171,Port-Cartier,CA,2022-06-06 17:41:49,50.0334,-66.8654,62.28,56,61,11.68
172,Batagay-Alyta,RU,2022-06-06 17:41:49,67.8006,130.4114,55.92,53,96,4.45
173,Mahebourg,MU,2022-06-06 17:41:50,-20.4081,57.7,71.89,83,40,2.3
174,Nizwa,OM,2022-06-06 17:41:50,22.9333,57.5333,88.11,31,1,9.13
175,Alofi,NU,2022-06-06 17:41:50,-19.0595,-169.9187,71.49,94,100,5.75
176,Lujan,AR,2022-06-06 17:40:04,-34.5703,-59.105,62.02,67,0,1.99
177,Srednekolymsk,RU,2022-06-06 17:41:51,67.45,153.6833,36.81,68,7,13.51
178,George,ZA,2022-06-06 17:41:52,-33.963,22.4617,62.15,51,0,4.61
179,Lasa,IT,2022-06-06 17:42:52,46.6166,10.7002,74.28,81,76,1.57
180,Nago,JP,2022-06-06 17:42:52,26.5881,127.9761,74.25,94,100,3.76
181,Chokurdakh,RU,2022-06-06 17:42:53,70.6333,147.9167,36.23,70,15,12.35
182,Sioux Lookout,CA,2022-06-06 17:42:54,50.1001,-91.917,62.67,55,75,6.91
183,Broome,US,2022-06-06 17:42:54,42.2506,-75.833,80.53,44,0,11.99
184,Oparino,RU,2022-06-06 17:42:55,59.8518,48.2783,52.16,91,67,3.36
185,Saint-Philippe,RE,2022-06-06 17:42:55,-21.3585,55.7679,72.99,78,36,8.14
186,Yenagoa,NG,2022-06-06 17:42:56,4.9247,6.2642,76.98,85,78,4.52
187,Ribeira Grande,PT,2022-06-06 17:42:56,38.5167,-28.7,68.4,88,75,13.8
188,Harindanga,IN,2022-06-06 17:42:57,22.0383,88.3214,84.97,80,96,14.92
189,Sitka,US,2022-06-06 17:42:57,57.0531,-135.33,53.49,82,100,4.61
190,Emporia,US,2022-06-06 17:41:26,38.4039,-96.1817,80.8,61,40,3.65
191,Jiwani,PK,2022-06-06 17:42:58,25.05,61.7417,83.07,83,0,15.88
192,Vilhena,BR,2022-06-06 17:39:16,-12.7406,-60.1458,86.22,51,75,4.61
193,Te Anau,NZ,2022-06-06 17:42:58,-45.4167,167.7167,47.35,82,95,4.21
194,Mana,GF,2022-06-06 17:42:59,5.6592,-53.7767,77.85,86,100,5.55
195,Carman,CA,2022-06-06 17:42:59,49.4992,-98.0016,66.27,48,1,11.5
196,Pacific Grove,US,2022-06-06 17:43:00,36.6177,-121.9166,74.21,88,75,13.0
197,Barbate,ES,2022-06-06 17:43:00,36.1924,-5.9219,79.21,42,36,11.27
198,Saskylakh,RU,2022-06-06 17:43:01,71.9167,114.0833,35.28,79,47,4.76
199,Preili,LV,2022-06-06 17:43:02,56.2944,26.7246,60.75,75,100,2.08
200,Macomb,US,2022-06-06 17:42:17,40.4592,-90.6718,80.78,68,0,8.05
201,Horgesti,RO,2022-06-06 17:43:02,46.4333,27.0667,71.02,46,0,0.0
202,Muros,ES,2022-06-06 17:43:03,42.7762,-9.0603,70.68,70,43,5.08
203,Kundiawa,PG,2022-06-06 17:43:04,-6.0167,144.9667,58.44,96,42,2.39
204,Palmer,US,2022-06-06 17:43:04,42.1584,-72.3287,81.52,33,40,4.61
205,Sao Sebastiao,BR,2022-06-06 17:43:05,-23.76,-45.4097,74.28,68,92,3.69
206,Kutum,SD,2022-06-06 17:43:05,14.2,24.6667,86.88,11,8,8.32
207,Constitucion,CL,2022-06-06 17:43:06,-35.3333,-72.4167,58.42,77,39,5.08
208,Pendleton,US,2022-06-06 17:43:07,45.6721,-118.7886,68.61,64,100,9.22
209,Reitz,ZA,2022-06-06 17:43:07,-27.8014,28.4273,48.85,51,0,5.23
210,Pisco,PE,2022-06-06 17:43:08,-13.7,-76.2167,69.85,68,0,11.5
211,Khatanga,RU,2022-06-06 17:43:09,71.9667,102.5,37.11,91,38,5.7
212,Male,MV,2022-06-06 17:43:09,4.1748,73.5089,84.15,84,75,9.22
213,Pemba,MZ,2022-06-06 17:43:10,-12.974,40.5178,75.33,77,0,12.01
214,Saint George,US,2022-06-06 17:43:10,37.1041,-113.5841,94.62,17,0,4.61
215,Suamico,US,2022-06-06 17:40:58,44.6319,-88.0393,59.77,93,100,9.57
216,Vung Tau,VN,2022-06-06 17:43:11,10.346,107.0843,81.93,81,100,12.97
217,Vayalar,IN,2022-06-06 17:43:11,9.7,76.3333,80.01,83,99,3.18
218,Sussex,US,2022-06-06 17:42:47,41.1834,-74.6663,81.19,44,0,5.75
219,Hasaki,JP,2022-06-06 17:43:12,35.7333,140.8333,63.28,86,100,22.79
220,Severo-Kurilsk,RU,2022-06-06 17:43:12,50.6789,156.125,42.67,89,100,5.61
221,Saint-Francois,FR,2022-06-06 17:43:13,46.4154,3.9054,67.44,64,0,11.5
222,Hovd,MN,2022-06-06 17:43:14,48.0056,91.6419,53.55,36,80,5.1
223,Omboue,GA,2022-06-06 17:43:16,-1.5746,9.2618,75.61,84,63,7.14
224,Cortez,US,2022-06-06 17:43:16,37.3489,-108.5859,83.93,22,0,3.44
225,Santa Cruz,BO,2022-06-06 17:42:30,-17.8,-63.1667,85.46,54,75,17.27
226,Vrangel,RU,2022-06-06 17:44:17,42.7297,133.0839,47.37,89,53,3.31
227,Cayenne,GF,2022-06-06 17:44:17,4.9333,-52.3333,75.24,1,75,3.44
228,Camargo,MX,2022-06-06 17:44:18,27.6667,-105.1667,93.25,11,1,6.55
229,Dharchula,IN,2022-06-06 17:44:18,29.85,80.5333,73.33,30,1,5.32
230,Kushmurun,KZ,2022-06-06 17:44:19,52.4503,64.6311,65.71,48,100,9.53
231,Vagur,FO,2022-06-06 17:44:19,61.4732,-6.8119,50.79,83,69,7.18
232,Tezu,IN,2022-06-06 17:44:20,27.9167,96.1667,76.89,80,87,3.09
233,Balsas,BR,2022-06-06 17:44:20,-7.5325,-46.0356,89.46,39,9,6.98
234,Tilichiki,RU,2022-06-06 17:44:21,60.4667,166.1,42.62,92,100,4.05
235,Lagoa,PT,2022-06-06 17:44:21,39.05,-27.9833,64.98,93,91,22.73
236,Taltal,CL,2022-06-06 17:44:22,-25.4,-70.4833,66.58,63,0,3.62
237,Castro,BR,2022-06-06 17:44:23,-24.7911,-50.0119,69.46,69,100,7.78
238,Tevaitoa,PF,2022-06-06 17:44:23,-16.7833,-151.5,80.08,75,21,19.06
239,Octeville,FR,2022-06-06 17:44:24,49.6261,-1.6435,63.09,67,100,5.75
240,Semnan,IR,2022-06-06 17:44:25,35.5729,53.3971,81.1,26,84,9.71
241,Okhotsk,RU,2022-06-06 17:44:25,59.3833,143.3,45.64,82,34,1.86
242,Vallenar,CL,2022-06-06 17:44:26,-28.5708,-70.7581,77.05,15,0,4.32
243,Garowe,SO,2022-06-06 17:44:27,8.4054,48.4845,84.04,47,90,14.85
244,Usinsk,RU,2022-06-06 17:44:27,65.9939,57.5281,57.83,42,65,10.49
245,Verkhnevilyuysk,RU,2022-06-06 17:44:28,63.4453,120.3167,52.57,98,81,5.14
246,Padang,ID,2022-06-06 17:44:28,-0.9492,100.3543,75.25,87,100,3.2
247,Labuhan,ID,2022-06-06 17:44:29,-6.8844,112.2051,78.62,87,98,5.23
248,Wanxian,CN,2022-06-06 17:44:29,30.8039,108.3897,71.15,91,90,2.98
249,Kavieng,PG,2022-06-06 17:44:30,-2.5744,150.7967,82.0,76,28,11.36
250,Longyearbyen,SJ,2022-06-06 17:42:08,78.2186,15.6401,48.04,61,75,16.11
251,Hithadhoo,MV,2022-06-06 17:44:31,-0.6,73.0833,83.43,71,97,3.56
252,Kuching,MY,2022-06-06 17:44:31,1.55,110.3333,75.42,94,20,3.44
253,Orbetello,IT,2022-06-06 17:44:32,42.4408,11.2196,82.42,70,60,7.31
254,Grindavik,IS,2022-06-06 17:44:33,63.8424,-22.4338,53.55,87,75,13.8
255,Hambantota,LK,2022-06-06 17:44:33,6.1241,81.1185,78.78,85,99,15.21
256,Sechura,PE,2022-06-06 17:44:34,-5.5569,-80.8222,74.79,60,77,9.44
257,Erechim,BR,2022-06-06 17:44:34,-27.6342,-52.2739,59.58,98,100,1.28
258,Inhambane,MZ,2022-06-06 17:44:35,-23.865,35.3833,69.78,68,40,6.91
259,Nouadhibou,MR,2022-06-06 17:44:35,20.931,-17.0347,75.18,64,59,20.71
260,Muzaffarnagar,IN,2022-06-06 17:44:36,29.4667,77.6833,92.53,12,0,6.11
261,Yeppoon,AU,2022-06-06 17:44:37,-23.1333,150.7333,62.38,82,95,4.12
262,Rach Gia,VN,2022-06-06 17:44:37,10.0167,105.0833,82.98,77,74,13.62
263,Pitimbu,BR,2022-06-06 17:44:38,-7.4706,-34.8086,81.19,81,36,14.54
264,Uyovu,TZ,2022-06-06 17:44:38,-3.2833,31.5258,66.29,66,43,5.28
265,Manggar,ID,2022-06-06 17:44:39,-2.8833,108.2667,80.37,77,77,6.2
266,Dikson,RU,2022-06-06 17:44:40,73.5069,80.5464,29.37,97,100,11.14
267,Labuan,MY,2022-06-06 17:44:41,5.2767,115.2417,75.56,100,40,2.3
268,Springbok,ZA,2022-06-06 17:44:41,-29.6643,17.8865,60.53,22,80,7.78
269,Provideniya,RU,2022-06-06 17:44:42,64.3833,-173.3,44.87,61,39,2.04
270,Deputatskiy,RU,2022-06-06 17:44:42,69.3,139.9,45.81,53,100,5.08
271,San Luis,AR,2022-06-06 17:42:42,-33.295,-66.3356,68.79,24,0,5.59
272,Adrar,MR,2022-06-06 17:44:43,20.5022,-10.0711,105.66,8,86,14.32
273,Leiyang,CN,2022-06-06 17:45:44,26.4024,112.8591,74.23,95,92,1.43
274,Nuuk,GL,2022-06-06 17:45:44,64.1835,-51.7216,48.81,40,20,31.07
275,Quime,BO,2022-06-06 17:45:44,-16.9833,-67.2167,53.71,83,87,4.92
276,Vestmanna,FO,2022-06-06 17:45:45,62.1564,-7.1664,52.72,82,20,8.05
277,Laguna,US,2022-06-06 17:45:45,38.421,-121.4238,78.08,56,0,4.61
278,Mangrol,IN,2022-06-06 17:45:46,21.1167,70.1167,82.89,85,83,8.84
279,Soto La Marina,MX,2022-06-06 17:45:46,23.7667,-98.2167,104.83,18,10,11.21
280,Rawalpindi,PK,2022-06-06 17:45:47,33.6007,73.0679,95.23,23,2,1.99
281,Sabang,ID,2022-06-06 17:45:47,5.8933,95.3214,83.05,75,97,13.06
282,Bundaberg,AU,2022-06-06 17:45:48,-24.85,152.35,59.22,86,65,3.0
283,Oranjestad,AW,2022-06-06 17:45:48,12.524,-70.027,87.75,66,75,20.71
284,Tra Vinh,VN,2022-06-06 17:44:55,9.9347,106.3453,77.36,91,90,5.84
285,Carbonia,IT,2022-06-06 17:45:49,39.1672,8.5222,86.95,41,19,7.14
286,Ponta Do Sol,PT,2022-06-06 17:45:49,32.6667,-17.1,75.0,80,57,0.81
287,Nome,US,2022-06-06 17:45:33,64.5011,-165.4064,64.47,42,100,0.0
288,Muqui,BR,2022-06-06 17:45:50,-20.956,-41.3531,76.26,44,15,2.53
289,Sorland,NO,2022-06-06 17:45:50,67.667,12.6934,44.46,76,88,32.39
290,Faanui,PF,2022-06-06 17:45:51,-16.4833,-151.75,80.87,71,6,18.66
291,Fort-Shevchenko,KZ,2022-06-06 17:45:51,44.5086,50.263,74.52,48,61,8.14
292,Pochutla,MX,2022-06-06 17:45:52,15.7432,-96.4661,88.83,54,81,8.3
293,Klaksvik,FO,2022-06-06 17:45:52,62.2266,-6.589,54.52,93,70,7.83
294,Key West,US,2022-06-06 17:45:18,24.5557,-81.7826,91.4,76,20,11.5
295,Hamilton,US,2022-06-06 17:45:53,39.1834,-84.5333,77.05,88,75,11.5
296,Portland,US,2022-06-06 17:43:04,45.5234,-122.6762,65.55,69,20,5.99
297,Biak,ID,2022-06-06 17:45:53,-0.9131,122.8766,76.14,82,89,3.22
298,Stornoway,GB,2022-06-06 17:45:54,58.2093,-6.3865,60.93,80,0,14.97
299,Alta Gracia,AR,2022-06-06 17:45:54,-31.6529,-64.4283,69.37,36,0,6.17
300,Kukshi,IN,2022-06-06 17:45:55,22.2,74.75,91.74,38,4,12.91
301,Neverkino,RU,2022-06-06 17:45:55,52.7854,46.7417,53.65,96,80,10.4
302,Amapa,BR,2022-06-06 17:45:56,1.0,-52.0,80.44,78,76,4.16
303,Kalianget,ID,2022-06-06 17:45:56,-7.05,113.9333,81.37,77,28,6.06
304,Pevek,RU,2022-06-06 17:45:56,69.7008,170.3133,32.34,80,77,3.49
305,Wladyslawowo,PL,2022-06-06 17:45:57,54.7909,18.4009,72.95,84,100,0.81
306,Airai,TL,2022-06-06 17:45:57,-8.9266,125.4092,57.9,91,89,2.77
307,Puerto Leguizamo,CO,2022-06-06 17:44:00,-0.1934,-74.7819,82.26,84,67,2.01
308,Umm Lajj,SA,2022-06-06 17:45:58,25.0213,37.2685,87.26,45,33,5.39
309,Bengkulu,ID,2022-06-06 17:45:58,-3.8004,102.2655,75.79,91,100,3.67
310,Kalmunai,LK,2022-06-06 17:45:59,7.4167,81.8167,78.78,82,100,8.16
311,Simpang,ID,2022-06-06 17:45:59,-1.2667,104.0833,73.53,95,99,2.93
312,Burgos,ES,2022-06-06 17:44:31,42.3394,-3.7079,75.61,33,0,14.97
313,Mumford,GH,2022-06-06 17:46:00,5.2618,-0.759,79.59,75,93,6.85
314,Necochea,AR,2022-06-06 17:46:01,-38.5473,-58.7368,63.09,50,70,9.78
315,Ixtapa,MX,2022-06-06 17:43:17,20.7,-105.2,81.63,69,0,9.22
316,Buala,SB,2022-06-06 17:46:02,-8.145,159.5921,78.89,84,54,7.43
317,Ballina,AU,2022-06-06 17:46:02,-28.8667,153.5667,50.65,69,44,10.65
318,Coahuayana,MX,2022-06-06 17:46:03,18.7333,-103.6833,87.1,57,40,7.54
319,Bonthe,SL,2022-06-06 17:46:03,7.5264,-12.505,80.67,80,90,9.44
320,Van,TR,2022-06-06 17:43:12,38.4924,43.3831,72.75,23,40,11.5
321,Talcahuano,CL,2022-06-06 17:47:04,-36.7167,-73.1167,53.28,94,100,8.05
322,Beringovskiy,RU,2022-06-06 17:47:05,63.05,179.3167,37.22,93,100,5.55
323,Ketchikan,US,2022-06-06 17:47:06,55.3422,-131.6461,54.07,76,100,6.91
324,Tiznit,MA,2022-06-06 17:47:06,29.5833,-9.5,77.56,47,94,6.78
325,Alamogordo,US,2022-06-06 17:47:07,32.8995,-105.9603,94.57,16,0,8.05
326,Port Hedland,AU,2022-06-06 17:47:07,-20.3167,118.5667,64.45,59,5,6.91
327,Kallupatti,IN,2022-06-06 17:47:08,9.7167,77.8667,80.56,63,100,3.85
328,Samarai,PG,2022-06-06 17:47:09,-10.6167,150.6667,80.74,78,80,8.99
329,Sibolga,ID,2022-06-06 17:47:09,1.7427,98.7792,75.36,92,94,3.4
330,Aseri,EE,2022-06-06 17:47:10,59.4506,26.8675,53.38,58,4,2.59
331,Mocuba,MZ,2022-06-06 17:47:11,-16.8392,36.9856,64.2,99,97,5.03
332,Guerrero Negro,MX,2022-06-06 17:47:11,27.9769,-114.0611,69.24,70,93,17.74
333,Minsk,BY,2022-06-06 17:43:40,53.9,27.5667,67.75,69,100,1.95
334,Pimentel,PE,2022-06-06 17:47:12,-6.8367,-79.9342,66.49,72,100,6.91
335,Homer,US,2022-06-06 17:42:45,59.6425,-151.5483,56.77,88,75,5.75
336,Pathein,MM,2022-06-06 17:47:13,16.7833,94.7333,78.22,88,100,5.19
337,Carutapera,BR,2022-06-06 17:47:14,-1.195,-46.02,77.94,93,75,5.17
338,Santa Isabel Do Rio Negro,BR,2022-06-06 17:47:14,-0.4139,-65.0192,89.01,51,100,3.38
339,Baker City,US,2022-06-06 17:47:16,44.7749,-117.8344,57.6,64,20,3.44
340,Mandalgovi,MN,2022-06-06 17:47:16,45.7625,106.2708,56.32,40,33,10.54
341,Vardo,NO,2022-06-06 17:47:17,70.3705,31.1107,44.58,76,0,4.61
342,Sorong,ID,2022-06-06 17:47:17,-0.8833,131.25,78.4,82,81,5.26
343,Aban,RU,2022-06-06 17:47:18,56.67,96.06,39.54,91,98,9.37
344,Blythe,US,2022-06-06 17:47:19,33.6103,-114.5964,98.04,27,0,3.44
345,Zlotow,PL,2022-06-06 17:47:19,53.3635,17.0408,65.88,81,84,2.17
346,Barra Do Garcas,BR,2022-06-06 17:47:21,-15.89,-52.2567,90.18,37,20,8.05
347,Luancheng,CN,2022-06-06 17:47:21,37.8792,114.6517,62.76,43,10,8.86
348,San Patricio,US,2022-06-06 17:47:21,28.017,-97.5169,93.92,38,5,19.66
349,Touros,BR,2022-06-06 17:47:22,-5.1989,-35.4608,82.54,67,20,14.76
350,Ginir,ET,2022-06-06 17:47:22,7.1333,40.7,58.6,86,84,1.1
351,Songjianghe,CN,2022-06-06 17:47:24,42.1859,127.479,48.31,85,100,2.21
352,Ulkan,RU,2022-06-06 17:47:24,57.243,107.3223,54.39,74,69,2.46
353,Komsomolskiy,UZ,2022-06-06 17:47:25,40.4272,71.7189,77.72,31,10,6.91
354,Alibag,IN,2022-06-06 17:47:25,18.6411,72.8792,86.07,78,91,4.03
355,Washington,US,2022-06-06 17:43:52,47.5001,-120.5015,64.78,43,5,6.29
356,Manavgat,TR,2022-06-06 17:47:26,36.7867,31.4431,74.77,77,54,5.3
357,Durham,US,2022-06-06 17:45:23,36.0335,-78.8664,86.74,48,20,5.75
358,Humaita,BR,2022-06-06 17:47:27,-7.5061,-63.0208,89.24,50,73,4.7
359,Kemijarvi,FI,2022-06-06 17:47:27,66.7131,27.4306,56.05,44,83,4.18
360,Alugan,PH,2022-06-06 17:47:28,12.2188,125.4808,78.37,88,12,5.91
361,Quelimane,MZ,2022-06-06 17:47:29,-17.8786,36.8883,67.95,100,75,5.75
362,Ponta Delgada,PT,2022-06-06 17:47:30,37.7333,-25.6667,66.92,94,75,16.11
363,Saint Anthony,US,2022-06-06 17:42:48,45.0205,-93.218,74.14,59,20,6.91
364,Olinda,BR,2022-06-06 17:47:31,-8.0089,-34.8553,76.73,94,100,12.66
365,Owosso,US,2022-06-06 17:47:32,42.9978,-84.1766,74.64,83,40,3.44
366,Cairns,AU,2022-06-06 17:47:32,-16.9167,145.7667,76.95,91,97,8.05
367,Hay River,CA,2022-06-06 17:47:29,60.8156,-115.7999,73.38,31,75,10.36
368,Isiro,CD,2022-06-06 17:47:33,2.7739,27.616,69.91,84,67,1.07
369,Sarakhs,IR,2022-06-06 17:48:34,36.5449,61.1577,83.95,11,0,4.38
370,Dunmore Town,BS,2022-06-06 17:48:35,25.5,-76.65,76.96,90,100,28.1
371,Tatawin,TN,2022-06-06 17:48:35,32.9297,10.4518,91.96,24,4,11.39
372,Rokytne,UA,2022-06-06 17:48:36,51.2796,27.214,64.15,73,97,3.38
373,Ometepec,MX,2022-06-06 17:47:39,16.6833,-98.4167,89.28,47,98,4.68
374,Nizhniy Lomov,RU,2022-06-06 17:48:36,53.5304,43.6766,55.08,88,13,8.3
375,Erzin,TR,2022-06-06 17:48:37,36.9559,36.2,69.49,89,78,4.29
376,Karwar,IN,2022-06-06 17:48:38,14.8,74.1333,81.5,84,96,3.53
377,Kijang,KR,2022-06-06 17:48:38,35.2442,129.2139,62.33,82,73,8.81
378,Korenovsk,RU,2022-06-06 17:48:38,45.4686,39.4519,69.73,57,99,12.73
379,Zhigalovo,RU,2022-06-06 17:48:39,54.8097,105.1578,51.17,91,75,7.63
380,Westminster,US,2022-06-06 17:44:18,39.8367,-105.0372,77.05,44,75,9.22
381,Uvalde,US,2022-06-06 17:48:39,29.3669,-99.767,86.99,51,0,3.44
382,Kirakira,SB,2022-06-06 17:48:40,-10.4544,161.9205,80.04,79,74,8.68
383,Mahajanga,MG,2022-06-06 17:48:40,-15.7167,46.3167,75.22,64,20,2.3
384,Kawalu,ID,2022-06-06 17:48:41,-7.3817,108.2082,71.62,94,100,0.29
385,Sangar,RU,2022-06-06 17:48:42,63.9242,127.4739,56.68,62,81,2.64
386,Tautira,PF,2022-06-06 17:48:42,-17.7333,-149.15,79.74,73,32,19.86
387,Louis Trichardt,ZA,2022-06-06 17:48:43,-23.0439,29.9032,52.66,77,1,5.64
388,Rocha,UY,2022-06-06 17:48:43,-34.4833,-54.3333,58.17,73,100,5.61
389,Ola,RU,2022-06-06 17:48:44,59.5833,151.2833,50.14,82,95,2.13
390,Makakilo City,US,2022-06-06 17:48:45,21.3469,-158.0858,76.69,77,0,3.44
391,Garwa,IN,2022-06-06 17:48:45,24.1833,83.8167,93.24,14,34,2.84
392,Lavumisa,SZ,2022-06-06 17:48:46,-27.31,31.892,58.89,82,6,2.48
393,Barcelos,PT,2022-06-06 17:48:46,41.5388,-8.6151,71.92,74,95,4.7
394,Gejiu,CN,2022-06-06 17:48:47,23.306,103.1635,57.38,93,97,2.35
395,Nara,JP,2022-06-06 17:47:30,34.6851,135.8049,63.91,82,79,6.58
396,Port Angeles,US,2022-06-06 17:45:06,48.1181,-123.4307,57.31,72,100,4.0
397,Dinga,PK,2022-06-06 17:48:48,32.6398,73.722,96.53,10,14,5.26
398,Mazyr,BY,2022-06-06 17:48:48,52.0495,29.2456,62.11,73,90,4.52
399,Belyy Yar,RU,2022-06-06 17:48:49,53.6039,91.3903,42.85,64,0,4.47
400,Lulea,SE,2022-06-06 17:48:49,65.5842,22.1547,50.07,76,0,9.22
401,Kantunilkin,MX,2022-06-06 17:48:50,21.0917,-87.45,94.71,43,42,5.37
402,Yulara,AU,2022-06-06 17:48:50,-25.2406,130.9889,48.83,55,51,10.56
403,Barahona,DO,2022-06-06 17:48:51,18.2085,-71.1008,87.62,84,40,13.8
404,Ulsteinvik,NO,2022-06-06 17:48:51,62.3432,5.8487,61.16,72,31,7.0
405,Estevan,CA,2022-06-06 17:48:52,49.1334,-102.9842,61.0,41,0,16.11
406,Cururupu,BR,2022-06-06 17:47:46,-1.8283,-44.8683,80.33,83,93,3.44
407,Urumqi,CN,2022-06-06 17:48:52,43.801,87.6005,70.75,23,0,4.47
408,Richards Bay,ZA,2022-06-06 17:48:53,-28.783,32.0377,63.21,76,5,7.36
409,Hemsedal,NO,2022-06-06 17:48:53,60.8629,8.5534,63.39,47,77,6.53
410,Asau,RO,2022-06-06 17:48:54,46.4333,26.4,68.92,81,70,2.19
411,Birzai,LT,2022-06-06 17:48:54,56.2,24.75,63.09,75,100,1.92
412,Teknaf,BD,2022-06-06 17:48:55,20.8624,92.3058,80.28,87,31,3.27
413,Katsuura,JP,2022-06-06 17:48:55,35.1333,140.3,63.54,90,100,18.68
414,Puerto Madero,MX,2022-06-06 17:48:56,14.7208,-92.4215,84.13,71,97,12.1
415,Daan,CN,2022-06-06 17:49:56,33.0558,106.2958,67.8,78,64,3.09
416,Luwuk,ID,2022-06-06 17:49:57,-0.9516,122.7875,76.64,83,97,3.31
417,Avera,US,2022-06-06 17:49:49,33.194,-82.5271,86.56,38,6,7.34
418,Clyde River,CA,2022-06-06 17:49:57,70.4692,-68.5914,39.43,81,0,2.3
419,Oudtshoorn,ZA,2022-06-06 17:49:58,-33.5907,22.2014,61.16,31,0,2.93
420,Soure,BR,2022-06-06 17:49:58,-0.7167,-48.5233,82.58,69,9,4.59
421,Artigas,UY,2022-06-06 17:49:59,-30.4,-56.4667,58.42,93,100,7.49
422,Oshakati,NA,2022-06-06 17:49:59,-17.7833,15.6833,66.22,25,50,10.58
423,Puerto Escondido,MX,2022-06-06 17:50:00,15.85,-97.0667,86.58,63,100,8.68
424,Dong Xoai,VN,2022-06-06 17:50:00,11.5333,106.9167,75.65,95,100,2.06
425,Fukue,JP,2022-06-06 17:50:01,32.6881,128.8419,67.51,79,72,13.24
426,Daru,PG,2022-06-06 17:50:02,-9.0763,143.2092,77.59,89,84,6.76
427,Aleksandrov Gay,RU,2022-06-06 17:50:02,50.147,48.5704,58.28,76,19,22.79
428,Totness,SR,2022-06-06 17:50:03,5.8833,-56.3167,75.9,90,100,6.08
429,Oktyabrskiy,RU,2022-06-06 17:50:03,54.4815,53.471,53.73,98,100,9.37
430,Vila Do Maio,CV,2022-06-06 17:50:04,15.1333,-23.2167,83.19,82,1,15.84
431,Pundaguitan,PH,2022-06-06 17:50:04,6.3711,126.1689,82.51,74,72,4.32
432,Fairbanks,US,2022-06-06 17:50:05,64.8378,-147.7164,66.49,36,0,8.05
433,Dukat,RU,2022-06-06 17:50:06,62.55,155.55,41.95,64,17,5.68
434,Jyvaskyla,FI,2022-06-06 17:50:06,62.2415,25.7209,62.94,29,0,8.05
435,Salalah,OM,2022-06-06 17:50:07,17.0151,54.0924,81.64,82,93,3.65
436,Thanh Hoa,VN,2022-06-06 17:50:08,19.8,105.7667,78.48,92,100,1.28
437,Raudeberg,NO,2022-06-06 17:50:08,61.9875,5.1352,59.67,73,26,18.39
438,Imeni Poliny Osipenko,RU,2022-06-06 17:50:09,52.4201,136.4853,52.29,67,18,1.63
439,Revelstoke,CA,2022-06-06 17:50:09,50.9832,-118.2023,59.02,77,100,2.3
440,Quatre Cocos,MU,2022-06-06 17:50:10,-20.2078,57.7625,71.71,77,13,13.15
441,Corpus Christi,US,2022-06-06 17:48:12,27.8006,-97.3964,91.63,66,40,26.46
442,Abu Samrah,SY,2022-06-06 17:50:11,35.3029,37.1841,75.22,40,0,12.01
443,Pangnirtung,CA,2022-06-06 17:50:11,66.1451,-65.7125,42.8,75,20,12.66
444,Soe,ID,2022-06-06 17:50:12,-9.8607,124.284,65.62,95,87,3.27
445,Tall Kayf,TR,2022-06-06 17:50:13,37.0833,41.0667,81.1,24,2,7.52
446,Guadalupe Y Calvo,MX,2022-06-06 17:50:14,26.1,-106.9667,77.58,23,27,7.74
447,Madison Heights,US,2022-06-06 17:48:05,42.4859,-83.1052,80.89,54,0,12.66
448,Lahuachaca,BO,2022-06-06 17:50:15,-17.3667,-67.6667,56.12,38,62,13.29
449,Belmonte,BR,2022-06-06 17:50:15,-15.8631,-38.8828,76.71,52,37,8.28
450,Arlit,NE,2022-06-06 17:50:16,18.7369,7.3853,94.44,18,81,13.42
451,San Alberto,CO,2022-06-06 17:50:16,7.7611,-73.3922,85.73,75,48,3.65
452,Besao,PH,2022-06-06 17:50:17,17.095,120.8579,61.38,95,88,1.57
453,Imaculada,BR,2022-06-06 17:50:17,-7.3897,-37.5092,74.73,68,89,10.71
454,Bandarbeyla,SO,2022-06-06 17:50:18,9.4942,50.8122,81.84,72,95,22.93
455,San Ramon De La Nueva Oran,AR,2022-06-06 17:50:19,-23.1322,-64.326,72.43,48,80,3.44
456,Palu,ID,2022-06-06 17:50:19,-0.8917,119.8707,75.04,97,82,3.24
457,Santa Marta,CO,2022-06-06 17:47:43,11.2408,-74.199,87.85,70,40,8.05
458,Victor Rosales,MX,2022-06-06 17:50:20,22.95,-102.7,81.54,20,5,3.62
459,Sambava,MG,2022-06-06 17:50:21,-14.2667,50.1667,72.3,85,100,14.18
460,Albion,US,2022-06-06 17:50:21,42.2431,-84.753,76.57,56,100,9.22
461,Mishan,CN,2022-06-06 17:50:22,45.55,131.8833,50.77,82,91,3.04
462,Kachiry,KZ,2022-06-06 17:51:22,53.0675,76.1036,57.31,42,94,7.45
463,Sterling,US,2022-06-06 17:48:39,39.0062,-77.4286,83.17,35,20,15.01
464,Tual,ID,2022-06-06 17:51:23,-5.6667,132.75,82.22,75,57,7.81
465,Shenjiamen,CN,2022-06-06 17:51:24,29.9576,122.298,68.31,94,81,14.29
466,Xai-Xai,MZ,2022-06-06 17:51:24,-25.0519,33.6442,69.15,60,43,11.16
467,Eydhafushi,MV,2022-06-06 17:51:25,5.1033,73.0708,82.83,76,97,12.12
468,Port Hawkesbury,CA,2022-06-06 17:51:25,45.6169,-61.3485,63.9,75,75,10.36
469,Mabaruma,GY,2022-06-06 17:51:26,8.2,-59.7833,73.15,98,100,4.07
470,Along,IN,2022-06-06 17:51:26,28.1667,94.7667,73.29,98,69,1.32
471,Ferrol,ES,2022-06-06 17:51:27,43.4832,-8.2369,68.58,80,51,8.32
472,Coihaique,CL,2022-06-06 17:51:27,-45.5752,-72.0662,44.55,57,40,11.5
473,Comodoro Rivadavia,AR,2022-06-06 17:51:27,-45.8667,-67.5,53.46,35,0,18.41
474,Beaver Dam,US,2022-06-06 17:51:28,43.4578,-88.8373,64.94,61,100,1.01
475,Saldanha,ZA,2022-06-06 17:51:28,-33.0117,17.9442,69.85,39,37,7.05
476,Atasu,KZ,2022-06-06 17:51:29,48.6814,71.6433,60.8,43,50,11.18
477,Tessalit,ML,2022-06-06 17:51:29,20.1986,1.0114,103.5,6,57,5.1
478,Belaya Gora,RU,2022-06-06 17:51:30,68.5333,146.4167,47.52,53,4,12.19
479,Solnechnyy,RU,2022-06-06 17:51:30,50.7214,136.6319,54.25,66,9,3.62
480,Pirenopolis,BR,2022-06-06 17:48:48,-15.8525,-48.9592,82.89,23,0,4.36
481,Valdivia,CL,2022-06-06 17:51:31,-39.8142,-73.2459,50.09,94,100,11.41
482,Pajapan,MX,2022-06-06 17:51:31,18.25,-94.7,87.15,54,100,6.64
483,Monduli,TZ,2022-06-06 17:51:32,-3.3,36.45,57.15,92,91,6.8
484,Zhigansk,RU,2022-06-06 17:51:32,66.7697,123.3711,57.88,78,90,7.67
485,San Cristobal,VE,2022-06-06 17:51:33,7.7669,-72.225,80.78,43,32,6.98
486,Fort Nelson,CA,2022-06-06 17:51:33,58.8053,-122.7002,58.59,82,75,4.61
487,Yinchuan,CN,2022-06-06 17:51:34,38.4681,106.2731,76.53,14,86,5.97
488,Tuatapere,NZ,2022-06-06 17:51:34,-46.1333,167.6833,45.95,81,100,7.36
489,Tazovskiy,RU,2022-06-06 17:51:35,67.4667,78.7,38.75,69,100,8.19
490,Kaura Namoda,NG,2022-06-06 17:51:35,12.5898,6.5779,87.82,38,90,4.9
491,Plettenberg Bay,ZA,2022-06-06 17:51:35,-34.0527,23.3716,64.56,49,3,3.02
492,Vila,PT,2022-06-06 17:51:36,42.0304,-8.1588,62.71,75,89,5.5
493,Coquimbo,CL,2022-06-06 17:51:36,-29.9533,-71.3436,62.33,59,0,10.36
494,Alice Springs,AU,2022-06-06 17:51:37,-23.7,133.8833,42.35,100,75,0.0
495,Monrovia,LR,2022-06-06 17:46:40,6.3005,-10.7969,79.7,80,95,7.31
496,Karlshamn,SE,2022-06-06 17:51:38,56.1706,14.8619,57.9,92,100,5.39
497,Karaton,ID,2022-06-06 17:51:38,-6.3424,106.1045,73.56,91,99,2.59
498,Eyl,SO,2022-06-06 17:51:38,7.9803,49.8164,79.14,82,90,22.17
499,Los Llanos De Aridane,ES,2022-06-06 17:51:39,28.6585,-17.9182,70.12,75,20,14.97
500,Bolgar,RU,2022-06-06 17:51:39,54.95,49.0667,57.4,86,100,13.2
501,Coolum Beach,AU,2022-06-06 17:51:40,-26.5333,153.1,51.33,97,18,5.97
502,Bensonville,LR,2022-06-06 17:51:40,6.4461,-10.6125,78.04,87,95,5.35
503,Prado,BR,2022-06-06 17:51:41,-17.3411,-39.2208,75.78,56,75,4.52
504,Ostrovnoy,RU,2022-06-06 17:51:41,68.0531,39.5131,41.74,95,100,12.62
505,Manadhoo,MV,2022-06-06 17:51:41,5.7667,73.3833,82.65,77,100,13.71
506,Bartica,GY,2022-06-06 17:51:42,6.4,-58.6167,77.32,99,100,0.36
507,Canon City,US,2022-06-06 17:51:42,38.441,-105.2424,85.01,35,0,5.99
508,Pierre,US,2022-06-06 17:49:45,44.3683,-100.351,56.32,88,100,11.5
509,Evensk,RU,2022-06-06 17:52:43,61.95,159.2333,49.23,78,95,3.13
510,Rawson,AR,2022-06-06 17:52:44,-43.3002,-65.1023,57.85,42,91,8.39
511,Moyale,KE,2022-06-06 17:52:44,3.5167,39.0584,67.98,70,99,2.62
512,Ambulu,ID,2022-06-06 17:52:45,-8.345,113.6058,75.92,91,20,2.77
513,Charters Towers,AU,2022-06-06 17:52:45,-20.1,146.2667,67.01,70,100,8.86
514,Korla,CN,2022-06-06 17:52:46,41.7597,86.1469,80.47,11,100,4.07
515,Alyangula,AU,2022-06-06 17:52:46,-13.8483,136.4192,76.93,87,51,10.85
516,Chapais,CA,2022-06-06 17:52:47,49.7834,-74.8492,62.38,45,58,4.85
517,Lampang,TH,2022-06-06 17:52:47,18.3333,99.5,78.28,80,99,3.02
518,Waingapu,ID,2022-06-06 17:52:48,-9.6567,120.2641,77.76,84,14,6.26
519,Pasan,IN,2022-06-06 17:52:48,22.85,82.2,88.61,16,36,4.16
520,Ocos,GT,2022-06-06 17:52:49,14.5094,-92.1933,84.15,71,93,11.92
521,Kokkola,FI,2022-06-06 17:52:49,63.8385,23.1307,55.56,60,0,8.05
522,Itoman,JP,2022-06-06 17:52:50,26.1247,127.6694,75.22,90,100,5.75
523,Antofagasta,CL,2022-06-06 17:48:51,-23.65,-70.4,67.21,58,0,8.79
524,Muskegon Heights,US,2022-06-06 17:52:50,43.2011,-86.239,66.97,79,100,9.22
525,Neubrandenburg,DE,2022-06-06 17:52:51,53.5667,13.2667,60.17,92,78,0.49
526,Mackenzie,CA,2022-06-06 17:52:51,55.2999,-123.1698,53.82,87,100,10.36
527,Ornskoldsvik,SE,2022-06-06 17:52:52,63.2909,18.7153,51.87,64,76,8.99
528,Northam,GB,2022-06-06 17:52:52,51.0333,-4.2167,62.65,84,36,3.04
529,Sao Joao Da Barra,BR,2022-06-06 17:52:53,-21.6403,-41.0511,80.69,55,28,15.14
530,Mayo,US,2022-06-06 17:52:53,38.8876,-76.5119,83.17,40,0,12.66
531,Ipaba,BR,2022-06-06 17:52:54,-19.4136,-42.4194,75.34,35,0,6.91
532,Sakakah,SA,2022-06-06 17:52:54,29.9697,40.2064,101.77,12,77,11.61
533,Tahoua,NE,2022-06-06 17:52:55,14.8888,5.2692,94.98,29,0,9.22
534,Kushima,JP,2022-06-06 17:52:55,31.4583,131.2333,64.36,92,81,6.17
535,Masunga,BW,2022-06-06 17:52:55,-20.6246,27.4488,49.6,83,29,7.4
536,Chanderi,IN,2022-06-06 17:52:56,24.7167,78.1333,95.02,13,4,7.72
537,Ust-Tsilma,RU,2022-06-06 17:52:57,65.441,52.1498,61.39,47,86,4.38
538,Pahalgam,IN,2022-06-06 17:52:57,34.0333,75.3333,57.67,44,31,6.49
539,Marfino,RU,2022-06-06 17:52:57,55.7028,37.3822,61.05,63,0,8.95
540,Bani,DO,2022-06-06 17:52:58,18.2833,-70.3333,89.04,57,98,11.16
541,Tingo Maria,PE,2022-06-06 17:52:59,-9.2895,-76.0088,79.11,73,40,2.3
542,La Ronge,CA,2022-06-06 17:52:59,55.1001,-105.2842,59.25,36,20,10.36
543,Myitkyina,MM,2022-06-06 17:53:00,25.3833,97.4,74.14,95,64,2.19
544,Bilibino,RU,2022-06-06 17:53:00,68.0546,166.4372,34.32,66,46,6.58
545,Tucuman,AR,2022-06-06 17:53:01,-26.8241,-65.2226,68.0,52,20,3.44
546,Linares,CL,2022-06-06 17:53:01,-35.85,-71.6,61.72,56,35,2.55
547,Griffith,US,2022-06-06 17:53:02,41.5284,-87.4237,71.22,92,100,4.61
548,Wexford,IE,2022-06-06 17:50:50,52.3342,-6.4575,61.21,84,92,5.97
549,Vestmannaeyjar,IS,2022-06-06 17:53:03,63.4427,-20.2734,52.79,87,75,16.11
550,Mayumba,GA,2022-06-06 17:53:03,-3.432,10.6554,74.62,89,88,4.07
551,Manono,CD,2022-06-06 17:53:04,-7.3,27.4167,75.38,43,76,6.98
552,Berdigestyakh,RU,2022-06-06 17:53:04,62.0989,126.6992,58.66,65,73,1.57
553,Mizan Teferi,ET,2022-06-06 17:53:05,6.9833,35.5833,60.85,96,97,2.46
554,Miyang,CN,2022-06-06 17:53:05,24.4042,103.4428,65.41,95,100,3.78
555,Bastia,FR,2022-06-06 17:53:06,42.6667,9.3333,85.8,62,0,4.61
556,Jalu,LY,2022-06-06 17:53:06,29.0331,21.5482,92.48,19,0,6.78
557,Pamanukan,ID,2022-06-06 17:54:07,-6.2842,107.8106,75.78,87,96,4.14
558,Lorengau,PG,2022-06-06 17:54:07,-2.0226,147.2712,80.58,79,82,4.94
559,Havoysund,NO,2022-06-06 17:54:07,70.9963,24.6622,48.43,55,21,19.15
560,Djibo,BF,2022-06-06 17:54:08,14.1022,-1.6306,92.35,28,65,17.05
561,Meulaboh,ID,2022-06-06 17:54:08,4.1363,96.1285,74.98,92,98,8.34
562,Coracao De Jesus,BR,2022-06-06 17:54:09,-16.6853,-44.365,80.28,19,3,5.08
563,Bantogon,PH,2022-06-06 17:54:09,6.5333,124.0333,77.22,85,85,4.94
564,Russell,US,2022-06-06 17:54:10,32.3502,-85.1999,85.28,65,20,4.61
565,Waw,SS,2022-06-06 17:54:10,7.7029,27.9953,74.05,87,75,5.17
566,West Wendover,US,2022-06-06 17:54:10,40.7391,-114.0733,67.21,34,0,8.05
567,Moroto,UG,2022-06-06 17:54:11,2.5345,34.6666,69.58,64,55,3.96
568,Seddon,AU,2022-06-06 17:54:11,-37.8068,144.8916,48.74,81,76,3.0
569,Dali,CN,2022-06-06 17:54:12,25.7,100.1833,62.53,97,96,3.78
570,Carndonagh,IE,2022-06-06 17:54:12,55.25,-7.2667,60.42,72,100,3.49
571,Antalaha,MG,2022-06-06 17:54:13,-14.9003,50.2788,70.0,87,69,8.25
572,Booue,GA,2022-06-06 17:54:13,-0.0921,11.9385,74.7,93,99,2.21
573,Danjiangkou,CN,2022-06-06 17:54:13,32.5428,111.5086,78.64,34,85,3.44
574,Gigmoto,PH,2022-06-06 17:54:14,13.7796,124.39,80.91,83,19,7.07
575,Rio Grande,BR,2022-06-06 17:54:14,-32.035,-52.0986,62.71,88,100,9.71
576,Jiuquan,CN,2022-06-06 17:54:15,39.7432,98.5174,68.43,13,7,6.44
577,Sur,OM,2022-06-06 17:54:15,22.5667,59.5289,86.7,61,6,14.61
578,Greeneville,US,2022-06-06 17:54:12,36.1632,-82.831,81.91,43,40,6.91
579,Huilong,CN,2022-06-06 17:54:16,31.8111,121.655,69.57,90,6,7.85
580,Tambilil,PH,2022-06-06 17:54:16,5.9622,124.6697,78.15,84,55,4.16
581,Wodonga,AU,2022-06-06 17:54:17,-36.1167,146.8833,45.27,100,100,10.36
582,Nanortalik,GL,2022-06-06 17:54:17,60.1432,-45.2371,41.02,80,100,0.81
583,Hobyo,SO,2022-06-06 17:54:17,5.3505,48.5268,79.23,83,82,26.96
