City_ID,City,Country,Date,Lat,Lng,Max Temp,Humidity,Cloudiness,Wind Speed,Current Description
0,Khatanga,RU,2022-06-11 18:22:31,71.9667,102.5,46.87,64,45,9.62,scattered clouds
1,Mahebourg,MU,2022-06-11 18:23:03,-20.4081,57.7,73.69,73,75,10.36,broken clouds
2,Cape Town,ZA,2022-06-11 18:20:08,-33.9258,18.4232,70.12,48,0,6.91,clear sky
3,Longyearbyen,SJ,2022-06-11 18:19:57,78.2186,15.6401,39.04,70,75,9.22,broken clouds
4,Castro,BR,2022-06-11 18:23:04,-24.7911,-50.0119,53.29,59,100,5.41,overcast clouds
5,Albany,US,2022-06-11 18:23:05,42.6001,-73.9662,77.77,50,100,1.01,overcast clouds
6,Aasiaat,GL,2022-06-11 18:23:05,68.7098,-52.8699,34.2,88,82,8.37,broken clouds
7,Moose Factory,CA,2022-06-11 18:23:06,51.2585,-80.6094,57.2,77,100,10.36,overcast clouds
8,Kapaa,US,2022-06-11 18:23:06,22.0752,-159.319,78.78,83,75,12.66,broken clouds
9,Provideniya,RU,2022-06-11 18:23:07,64.3833,-173.3,36.84,71,53,1.92,broken clouds
10,Rikitea,PF,2022-06-11 18:23:08,-23.1203,-134.9692,74.25,80,30,13.49,light rain
11,Nikolskoye,RU,2022-06-11 18:23:09,59.7035,30.7861,66.09,71,49,3.67,scattered clouds
12,Qui Nhon,VN,2022-06-11 18:23:09,13.7667,109.2333,78.96,84,66,3.42,broken clouds
13,Constitucion,CL,2022-06-11 18:23:10,-35.3333,-72.4167,60.03,45,5,2.06,clear sky
14,Saint-Philippe,RE,2022-06-11 18:23:11,-21.3585,55.7679,67.59,79,67,12.71,broken clouds
15,Chokurdakh,RU,2022-06-11 18:23:11,70.6333,147.9167,49.69,50,15,11.03,few clouds
16,Itarema,BR,2022-06-11 18:23:12,-2.9248,-39.9167,82.18,72,66,11.3,broken clouds
17,Maniitsoq,GL,2022-06-11 18:23:12,65.4167,-52.9,41.74,78,32,10.49,scattered clouds
18,Punta Arenas,CL,2022-06-11 18:23:13,-53.15,-70.9167,44.71,87,75,9.22,broken clouds
19,Beroroha,MG,2022-06-11 18:23:13,-21.6667,45.1667,65.77,56,0,4.34,clear sky
20,Norman Wells,CA,2022-06-11 18:23:14,65.282,-126.8329,55.44,71,75,10.36,light intensity shower rain
21,Hilo,US,2022-06-11 18:20:00,19.7297,-155.09,80.28,68,75,3.0,broken clouds
22,Kruisfontein,ZA,2022-06-11 18:23:15,-34.0033,24.7314,62.89,24,50,8.57,scattered clouds
23,Thabazimbi,ZA,2022-06-11 18:23:16,-24.5917,27.4116,56.73,42,0,2.95,clear sky
24,Havoysund,NO,2022-06-11 18:20:54,70.9963,24.6622,48.43,80,92,10.54,light rain
25,Teguise,ES,2022-06-11 18:23:17,29.0605,-13.564,70.02,73,20,19.57,few clouds
26,Gizo,SB,2022-06-11 18:23:18,-8.103,156.8419,80.91,75,4,4.59,clear sky
27,Airai,TL,2022-06-11 18:22:26,-8.9266,125.4092,56.21,87,76,3.69,broken clouds
28,Malatya,TR,2022-06-11 18:23:19,38.5,38.0,71.65,41,0,4.61,clear sky
29,Barrow,US,2022-06-11 18:19:56,71.2906,-156.7887,33.82,75,100,14.97,overcast clouds
30,Shimoda,JP,2022-06-11 18:23:19,34.6667,138.95,63.1,89,100,21.5,overcast clouds
31,Chuy,UY,2022-06-11 18:23:20,-33.6971,-53.4616,53.58,59,73,17.56,broken clouds
32,Kangaatsiaq,GL,2022-06-11 18:23:21,68.3065,-53.4641,33.67,90,71,14.43,broken clouds
33,Port Alfred,ZA,2022-06-11 18:23:21,-33.5906,26.891,68.85,38,51,10.11,broken clouds
34,Ribeira Grande,PT,2022-06-11 18:23:22,38.5167,-28.7,68.4,68,20,14.97,few clouds
35,Namatanai,PG,2022-06-11 18:23:22,-3.6667,152.4333,78.46,80,6,7.16,clear sky
36,East London,ZA,2022-06-11 18:23:23,-33.0153,27.9116,68.94,45,0,8.05,clear sky
37,Bartica,GY,2022-06-11 18:23:24,6.4,-58.6167,82.72,81,100,4.07,moderate rain
38,Gebze,TR,2022-06-11 18:23:24,40.8028,29.4307,69.06,83,75,10.36,broken clouds
39,San Quintin,MX,2022-06-11 18:23:25,30.4833,-115.95,73.67,64,27,10.67,scattered clouds
40,Hobart,AU,2022-06-11 18:23:25,-42.8794,147.3294,39.25,85,75,14.97,broken clouds
41,West Odessa,US,2022-06-11 18:23:26,31.8424,-102.4988,99.68,22,0,11.5,clear sky
42,Atuona,PF,2022-06-11 18:23:27,-9.8,-139.0333,77.49,68,16,14.54,few clouds
43,Saskylakh,RU,2022-06-11 18:23:27,71.9167,114.0833,50.77,59,10,10.38,clear sky
44,Mataura,NZ,2022-06-11 18:23:28,-46.1927,168.8643,37.47,89,77,6.13,broken clouds
45,Vaini,TO,2022-06-11 18:23:28,-21.2,-175.2,73.56,100,40,4.61,scattered clouds
46,Haimen,CN,2022-06-11 18:23:29,23.1935,116.6142,76.89,92,100,1.54,overcast clouds
47,Anadyr,RU,2022-06-11 18:23:30,64.75,177.4833,43.3,65,0,15.66,clear sky
48,Banda Aceh,ID,2022-06-11 18:24:30,5.5577,95.3222,80.01,76,88,8.46,overcast clouds
49,Santa Cruz,BO,2022-06-11 18:24:31,-17.8,-63.1667,71.06,40,75,23.02,broken clouds
50,Jamestown,US,2022-06-11 18:20:57,42.097,-79.2353,74.95,42,52,8.01,broken clouds
51,Butaritari,KI,2022-06-11 18:24:32,3.0707,172.7902,81.39,77,48,11.45,scattered clouds
52,Ushuaia,AR,2022-06-11 18:21:31,-54.8,-68.3,40.66,87,75,5.75,light intensity drizzle
53,Kovdor,RU,2022-06-11 18:24:33,67.5662,30.4758,61.63,41,94,8.28,overcast clouds
54,Narsaq,GL,2022-06-11 18:24:34,60.9167,-46.05,57.42,58,100,2.33,overcast clouds
55,Calvinia,ZA,2022-06-11 18:24:34,-31.4707,19.776,62.26,22,95,8.08,overcast clouds
56,Natitingou,BJ,2022-06-11 18:24:35,10.3042,1.3796,80.02,68,64,1.9,broken clouds
57,Deputatskiy,RU,2022-06-11 18:24:35,69.3,139.9,49.03,70,36,4.21,scattered clouds
58,Berbera,SO,2022-06-11 18:24:36,10.4396,45.0143,92.93,42,99,4.18,overcast clouds
59,Torbay,CA,2022-06-11 18:24:37,47.6666,-52.7314,72.37,53,75,20.71,broken clouds
60,Kodiak,US,2022-06-11 18:20:43,57.79,-152.4072,53.11,82,100,8.05,overcast clouds
61,Salym,RU,2022-06-11 18:24:38,60.0625,71.4789,55.69,98,95,3.24,moderate rain
62,Tessalit,ML,2022-06-11 18:24:39,20.1986,1.0114,99.14,14,63,15.3,broken clouds
63,Bethel,US,2022-06-11 18:20:05,41.3712,-73.414,77.41,54,0,0.0,clear sky
64,Svetla Nad Sazavou,CZ,2022-06-11 18:24:40,49.668,15.4039,74.98,68,30,2.82,scattered clouds
65,Shiyan,CN,2022-06-11 18:24:40,32.6475,110.7781,73.08,75,100,3.62,overcast clouds
66,Qaanaaq,GL,2022-06-11 18:24:41,77.484,-69.3632,30.11,73,100,3.83,overcast clouds
67,Semporna,MY,2022-06-11 18:24:41,4.4818,118.6112,79.61,83,21,3.76,few clouds
68,Lang Son,VN,2022-06-11 18:21:08,21.8333,106.7333,75.33,95,100,2.77,overcast clouds
69,Dutlwe,BW,2022-06-11 18:24:42,-23.9833,23.9,56.82,30,0,6.6,clear sky
70,Nanortalik,GL,2022-06-11 18:24:43,60.1432,-45.2371,46.51,61,100,11.59,light rain
71,Bonfim,BR,2022-06-11 18:24:43,3.0833,-59.95,75.58,89,100,1.83,overcast clouds
72,Garoua,CM,2022-06-11 18:24:44,9.3,13.4,89.37,43,9,5.44,clear sky
73,Puerto Ayora,EC,2022-06-11 18:24:45,-0.7393,-90.3518,76.96,89,76,7.0,broken clouds
74,Sitka,US,2022-06-11 18:24:45,57.0531,-135.33,51.69,82,100,8.05,moderate rain
75,Souillac,MU,2022-06-11 18:24:46,-20.5167,57.5167,73.78,73,75,10.36,broken clouds
76,Ovalle,CL,2022-06-11 18:24:47,-30.5983,-71.2003,70.66,36,0,3.69,clear sky
77,Gamba,GA,2022-06-11 18:24:47,-2.65,10.0,75.94,86,10,4.88,clear sky
78,Mar Del Plata,AR,2022-06-11 18:24:48,-38.0023,-57.5575,55.42,65,0,11.5,light rain
79,Bredasdorp,ZA,2022-06-11 18:24:48,-34.5322,20.0403,65.7,33,100,4.43,overcast clouds
80,Lasa,IT,2022-06-11 18:24:49,46.6166,10.7002,72.48,58,0,5.68,clear sky
81,Tuktoyaktuk,CA,2022-06-11 18:24:49,69.4541,-133.0374,39.2,87,100,13.8,overcast clouds
82,Coquimbo,CL,2022-06-11 18:24:50,-29.9533,-71.3436,55.13,76,20,6.91,few clouds
83,Sur,OM,2022-06-11 18:24:51,22.5667,59.5289,88.36,72,0,13.53,clear sky
84,Thompson,CA,2022-06-11 18:24:51,55.7435,-97.8558,66.36,42,40,6.91,scattered clouds
85,Severo-Kurilsk,RU,2022-06-11 18:24:52,50.6789,156.125,43.23,86,87,11.07,overcast clouds
86,Laguna,US,2022-06-11 18:21:53,38.421,-121.4238,93.94,33,0,5.75,clear sky
87,Victoria,HK,2022-06-11 18:22:40,22.2855,114.1577,80.65,86,100,4.0,overcast clouds
88,Svetlyy,RU,2022-06-11 18:24:53,54.675,20.1347,66.25,74,4,1.28,clear sky
89,Tuatapere,NZ,2022-06-11 18:24:53,-46.1333,167.6833,35.6,95,82,6.33,broken clouds
90,Jizan,SA,2022-06-11 18:24:54,17.3333,42.6667,90.54,58,2,2.86,clear sky
91,Lagos,NG,2022-06-11 18:20:53,6.5833,3.75,79.12,91,100,6.38,moderate rain
92,Tokur,RU,2022-06-11 18:24:55,53.1333,132.9,51.08,74,49,3.22,scattered clouds
93,Umm Kaddadah,SD,2022-06-11 18:24:56,13.6017,26.6876,97.03,23,99,9.46,overcast clouds
94,Abidjan,CI,2022-06-11 18:22:19,5.3094,-4.0197,82.36,78,40,11.5,scattered clouds
95,Verkhnyaya Inta,RU,2022-06-11 18:24:57,65.9811,60.3094,47.14,76,94,16.04,overcast clouds
96,Amalapuram,IN,2022-06-11 18:25:57,16.5833,82.0167,80.28,77,100,5.12,overcast clouds
97,Agadez,NE,2022-06-11 18:25:58,19.75,10.25,98.64,14,99,5.82,overcast clouds
98,Sao Filipe,CV,2022-06-11 18:25:58,14.8961,-24.4956,73.72,84,20,4.68,few clouds
99,Kavieng,PG,2022-06-11 18:26:03,-2.5744,150.7967,81.86,72,8,13.53,clear sky
100,Zyryanka,RU,2022-06-11 18:26:04,65.75,150.85,46.85,87,98,5.53,overcast clouds
101,Boa Vista,BR,2022-06-11 18:25:08,2.8197,-60.6733,85.98,58,20,4.61,few clouds
102,Bambous Virieux,MU,2022-06-11 18:26:05,-20.3428,57.7575,73.65,73,75,10.36,broken clouds
103,Peniche,PT,2022-06-11 18:26:06,39.3558,-9.3811,76.28,79,2,20.09,clear sky
104,Saint-Georges,GD,2022-06-11 18:26:06,12.0564,-61.7485,85.68,70,20,29.93,few clouds
105,Pontes E Lacerda,BR,2022-06-11 18:26:07,-15.2261,-59.3353,71.35,53,99,7.23,overcast clouds
106,Muros,ES,2022-06-11 18:26:08,42.7762,-9.0603,77.68,74,34,16.75,scattered clouds
107,Hermanus,ZA,2022-06-11 18:26:08,-34.4187,19.2345,66.22,50,100,6.6,overcast clouds
108,Nome,US,2022-06-11 18:26:09,64.5011,-165.4064,46.17,49,0,8.05,clear sky
109,Ilulissat,GL,2022-06-11 18:26:10,69.2167,-51.1,37.42,70,20,8.05,few clouds
110,Avarua,CK,2022-06-11 18:26:11,-21.2078,-159.775,75.25,69,75,8.05,broken clouds
111,Faanui,PF,2022-06-11 18:26:12,-16.4833,-151.75,79.77,76,22,18.63,moderate rain
112,San Lawrenz,MT,2022-06-11 18:26:12,36.0553,14.204,72.86,78,0,8.99,clear sky
113,Corrente,BR,2022-06-11 18:26:13,-3.7367,-43.3394,84.6,66,35,3.69,scattered clouds
114,Camocim,BR,2022-06-11 18:26:13,-2.9022,-40.8411,83.17,71,33,11.14,scattered clouds
115,Dikson,RU,2022-06-11 18:26:14,73.5069,80.5464,35.96,89,100,5.21,overcast clouds
116,Clyde River,CA,2022-06-11 18:25:18,70.4692,-68.5914,34.03,86,100,14.97,overcast clouds
117,Kidal,ML,2022-06-11 18:26:15,18.4411,1.4078,91.17,27,50,9.48,light rain
118,Henties Bay,NA,2022-06-11 18:26:16,-22.116,14.2845,65.43,63,0,2.8,clear sky
119,Bluff,NZ,2022-06-11 18:26:16,-46.6,168.3333,37.8,73,93,17.45,overcast clouds
120,Busselton,AU,2022-06-11 18:26:17,-33.65,115.3333,61.16,87,12,10.09,few clouds
121,Geraldton,AU,2022-06-11 18:26:17,-28.7667,114.6,64.81,94,100,4.61,light intensity shower rain
122,Taoudenni,ML,2022-06-11 18:26:18,22.6783,-3.9836,112.77,5,13,5.28,few clouds
123,Lagoa,PT,2022-06-11 18:26:19,39.05,-27.9833,60.3,84,100,8.3,overcast clouds
124,Byron Bay,AU,2022-06-11 18:26:19,-28.65,153.6167,50.59,65,2,8.52,clear sky
125,Mackay,AU,2022-06-11 18:26:20,-21.15,149.2,46.69,64,50,11.12,scattered clouds
126,New London,US,2022-06-11 18:25:42,41.4834,-72.0662,80.15,52,75,5.75,broken clouds
127,New Norfolk,AU,2022-06-11 18:26:21,-42.7826,147.0587,38.91,81,93,5.01,light rain
128,Ust-Nera,RU,2022-06-11 18:26:21,64.5667,143.2,47.62,54,32,6.06,scattered clouds
129,Kokopo,PG,2022-06-11 18:26:22,-4.352,152.2633,75.36,84,3,4.79,clear sky
130,Tautira,PF,2022-06-11 18:26:22,-17.7333,-149.15,78.1,81,57,21.3,light rain
131,Storm Lake,US,2022-06-11 18:24:44,42.6411,-95.2097,78.04,73,0,18.41,clear sky
132,Almeirim,BR,2022-06-11 18:26:24,-1.5233,-52.5817,78.94,83,94,2.33,overcast clouds
133,Kashi,CN,2022-06-11 18:26:25,39.4547,75.9797,74.41,31,20,4.47,few clouds
134,Sioux Lookout,CA,2022-06-11 18:26:25,50.1001,-91.917,60.87,55,20,8.05,few clouds
135,Cabanas,CU,2022-06-11 18:26:26,22.9758,-82.9219,84.13,66,8,2.35,light rain
136,Poum,NC,2022-06-11 18:26:26,-20.2333,164.0167,75.63,78,61,12.55,broken clouds
137,Kamaishi,JP,2022-06-11 18:26:27,39.2667,141.8833,60.35,99,100,3.76,overcast clouds
138,Nipawin,CA,2022-06-11 18:26:27,53.3668,-104.0009,62.64,82,40,13.8,scattered clouds
139,Kasongo-Lunda,CD,2022-06-11 18:26:28,-6.4667,16.8167,72.52,38,14,3.0,few clouds
140,Vao,NC,2022-06-11 18:27:29,-22.6667,167.4833,71.87,84,95,7.63,overcast clouds
141,Tromso,NO,2022-06-11 18:27:29,69.6496,18.957,48.38,93,75,3.44,light intensity shower rain
142,Hithadhoo,MV,2022-06-11 18:27:30,-0.6,73.0833,83.71,71,60,8.99,moderate rain
143,Creel,MX,2022-06-11 18:23:47,27.75,-107.6333,79.23,24,33,5.68,scattered clouds
144,Platanos,GR,2022-06-11 18:27:31,37.6667,21.6167,75.81,75,19,4.5,few clouds
145,Kyabram,AU,2022-06-11 18:27:32,-36.3167,145.05,47.88,64,100,14.36,overcast clouds
146,Ajdabiya,LY,2022-06-11 18:27:32,30.7554,20.2263,73.76,74,0,14.05,clear sky
147,Cherskiy,RU,2022-06-11 18:27:33,68.75,161.3,59.41,42,89,5.53,overcast clouds
148,Hasaki,JP,2022-06-11 18:27:33,35.7333,140.8333,66.6,92,100,16.96,overcast clouds
149,Saldanha,ZA,2022-06-11 18:27:34,-33.0117,17.9442,60.85,72,100,9.26,overcast clouds
150,Arraial Do Cabo,BR,2022-06-11 18:27:35,-22.9661,-42.0278,67.86,83,100,9.22,overcast clouds
151,Ishigaki,JP,2022-06-11 18:27:40,24.3448,124.1572,80.73,100,75,2.3,broken clouds
152,Bara,NG,2022-06-11 18:27:41,10.3744,10.7288,89.38,42,33,7.31,scattered clouds
153,Barrhead,GB,2022-06-11 18:27:41,55.7992,-4.3929,57.06,81,40,18.41,scattered clouds
154,Samarai,PG,2022-06-11 18:27:42,-10.6167,150.6667,79.84,80,91,7.78,overcast clouds
155,Cabo San Lucas,MX,2022-06-11 18:25:06,22.8909,-109.9124,86.61,69,40,8.05,scattered clouds
156,Shingu,JP,2022-06-11 18:27:43,33.7333,135.9833,65.07,89,100,7.87,light rain
157,Nantucket,US,2022-06-11 18:23:26,41.2835,-70.0995,75.31,60,0,9.22,clear sky
158,College,US,2022-06-11 18:27:44,64.8569,-147.8028,60.48,66,75,3.44,broken clouds
159,Mahdasht,IR,2022-06-11 18:27:45,35.7299,50.8111,82.62,46,0,33.38,clear sky
160,Qaqortoq,GL,2022-06-11 18:27:45,60.7167,-46.0333,45.55,60,100,3.42,overcast clouds
161,Esperance,AU,2022-06-11 18:27:46,-33.8667,121.9,57.87,76,38,16.93,scattered clouds
162,Orlik,RU,2022-06-11 18:27:47,52.5178,99.825,52.39,52,24,0.74,few clouds
163,Cidreira,BR,2022-06-11 18:27:47,-30.1811,-50.2056,53.2,56,4,18.95,clear sky
164,Motala,SE,2022-06-11 18:27:48,58.5371,15.0365,67.73,53,12,6.33,few clouds
165,Acapulco,MX,2022-06-11 18:27:48,16.8634,-99.8901,87.62,62,75,6.91,broken clouds
166,Moree,AU,2022-06-11 18:25:08,-29.4667,149.85,33.82,100,26,3.44,scattered clouds
167,Parkes,AU,2022-06-11 18:27:49,-33.1333,148.1833,46.35,77,65,8.93,broken clouds
168,Sao Joao Da Barra,BR,2022-06-11 18:27:50,-21.6403,-41.0511,71.69,86,100,11.01,overcast clouds
169,Harer,ET,2022-06-11 18:23:11,9.3094,42.1258,64.15,60,56,5.86,broken clouds
170,Kolyshley,RU,2022-06-11 18:27:51,52.7005,44.5367,61.97,83,58,7.58,broken clouds
171,Thinadhoo,MV,2022-06-11 18:27:51,0.5333,72.9333,84.02,72,100,10.31,overcast clouds
172,Aklavik,CA,2022-06-11 18:27:52,68.2191,-135.0107,37.4,87,100,11.5,overcast clouds
173,Urucui,BR,2022-06-11 18:27:53,-7.2294,-44.5561,89.24,43,57,6.35,broken clouds
174,Daru,PG,2022-06-11 18:27:53,-9.0763,143.2092,77.76,89,99,15.84,overcast clouds
175,Douentza,ML,2022-06-11 18:27:54,14.9951,-2.9517,101.08,21,21,5.35,few clouds
176,Cockburn Town,TC,2022-06-11 18:27:55,21.4612,-71.1419,85.96,62,40,14.97,scattered clouds
177,Port Elizabeth,ZA,2022-06-11 18:27:55,-33.918,25.5701,65.1,59,36,3.44,scattered clouds
178,Vardo,NO,2022-06-11 18:23:43,70.3705,31.1107,49.98,76,51,0.0,broken clouds
179,Treinta Y Tres,UY,2022-06-11 18:27:57,-33.2333,-54.3833,52.57,46,12,17.96,few clouds
180,Tasiilaq,GL,2022-06-11 18:27:57,65.6145,-37.6368,42.96,72,20,0.81,few clouds
181,Mount Isa,AU,2022-06-11 18:25:07,-20.7333,139.5,53.37,43,100,8.05,overcast clouds
182,Rawson,AR,2022-06-11 18:27:58,-43.3002,-65.1023,59.13,37,67,9.89,broken clouds
183,La Paz,BO,2022-06-11 18:28:59,-16.5,-68.15,55.38,11,20,6.91,few clouds
184,Lorengau,PG,2022-06-11 18:28:59,-2.0226,147.2712,80.56,76,43,5.44,scattered clouds
185,Pevek,RU,2022-06-11 18:24:54,69.7008,170.3133,38.89,60,92,7.2,overcast clouds
186,Mtimbira,TZ,2022-06-11 18:29:00,-8.7833,36.35,70.47,78,80,3.2,broken clouds
187,Saint-Pierre,RE,2022-06-11 18:29:01,-21.3393,55.4781,68.92,73,0,5.75,clear sky
188,Husavik,IS,2022-06-11 18:29:01,66.0449,-17.3389,43.77,98,100,7.67,overcast clouds
189,Sechura,PE,2022-06-11 18:29:02,-5.5569,-80.8222,75.15,58,73,13.35,broken clouds
190,Kaitangata,NZ,2022-06-11 18:29:03,-46.2817,169.8464,36.39,78,71,8.77,broken clouds
191,Sfantu Gheorghe,RO,2022-06-11 18:29:03,45.8667,25.7833,61.93,88,100,2.06,light rain
192,Kalisz,PL,2022-06-11 18:29:04,51.7611,18.091,68.52,62,76,2.44,broken clouds
193,Sola,VU,2022-06-11 18:29:04,-13.8833,167.55,80.49,74,88,6.55,overcast clouds
194,Chhagalnaiya,BD,2022-06-11 18:29:05,23.03,91.5069,80.47,85,18,8.93,few clouds
195,Ixtapa,MX,2022-06-11 18:24:22,20.7,-105.2,83.43,74,20,9.22,few clouds
196,Naldurg,IN,2022-06-11 18:29:06,17.8167,76.3,79.93,64,98,17.58,light rain
197,Tilichiki,RU,2022-06-11 18:29:06,60.4667,166.1,40.33,85,100,2.86,overcast clouds
198,Bengkulu,ID,2022-06-11 18:29:07,-3.8004,102.2655,75.04,91,100,6.49,light rain
199,Saurimo,AO,2022-06-11 18:29:08,-9.6608,20.3916,64.53,40,93,3.18,overcast clouds
200,Buala,SB,2022-06-11 18:29:08,-8.145,159.5921,79.05,82,31,4.34,scattered clouds
201,Yellowknife,CA,2022-06-11 18:28:50,62.456,-114.3525,66.72,59,40,18.41,scattered clouds
202,Luderitz,NA,2022-06-11 18:29:09,-26.6481,15.1594,64.92,49,54,8.95,broken clouds
203,Alyangula,AU,2022-06-11 18:29:10,-13.8483,136.4192,69.26,67,90,13.2,overcast clouds
204,Ust-Maya,RU,2022-06-11 18:29:10,60.4167,134.5333,51.06,76,95,1.86,overcast clouds
205,Popondetta,PG,2022-06-11 18:29:11,-8.7537,148.2534,72.48,91,100,2.95,overcast clouds
206,Vestmanna,FO,2022-06-11 18:29:11,62.1564,-7.1664,52.72,82,75,13.8,light rain
207,Iqaluit,CA,2022-06-11 18:29:12,63.7506,-68.5145,51.53,50,75,11.5,broken clouds
208,Vrede,ZA,2022-06-11 18:29:13,-27.4257,29.1659,44.67,49,0,3.4,clear sky
209,Tateyama,JP,2022-06-11 18:29:13,34.9833,139.8667,66.09,90,100,21.34,light rain
210,Praia Da Vitoria,PT,2022-06-11 18:29:14,38.7333,-27.0667,61.75,94,75,7.61,broken clouds
211,Gat,IL,2022-06-11 18:29:14,31.61,34.7642,89.4,30,0,7.07,clear sky
212,General Roca,AR,2022-06-11 18:29:15,-39.0333,-67.5833,60.62,21,70,6.89,broken clouds
213,Cuichapa,MX,2022-06-11 18:29:15,18.7667,-96.8667,87.51,52,16,4.61,few clouds
214,Xining,CN,2022-06-11 18:29:16,36.6167,101.7667,49.14,85,77,2.91,broken clouds
215,Jiangyou,CN,2022-06-11 18:29:16,31.7667,104.7167,69.73,86,100,0.87,moderate rain
216,Praia,CV,2022-06-11 18:29:18,14.9215,-23.5087,81.14,65,0,2.3,clear sky
217,Carnarvon,AU,2022-06-11 18:27:30,-24.8667,113.6333,70.5,69,1,12.01,clear sky
218,Chiredzi,ZW,2022-06-11 18:29:18,-21.05,31.6667,63.41,66,89,3.15,overcast clouds
219,Grindavik,IS,2022-06-11 18:29:19,63.8424,-22.4338,53.55,81,75,18.41,broken clouds
220,Ponta Do Sol,PT,2022-06-11 18:29:20,32.6667,-17.1,75.7,79,0,2.15,clear sky
221,Tocopilla,CL,2022-06-11 18:29:20,-22.092,-70.1979,66.67,64,9,7.11,clear sky
222,Panzhihua,CN,2022-06-11 18:29:21,26.5851,101.7128,72.77,82,94,0.2,overcast clouds
223,Hofn,IS,2022-06-11 18:29:21,64.2539,-15.2082,51.48,76,100,4.59,overcast clouds
224,Wagar,SD,2022-06-11 18:29:22,16.1525,36.2032,97.88,24,46,11.18,scattered clouds
225,San Patricio,US,2022-06-11 18:29:23,28.017,-97.5169,99.07,30,5,12.66,clear sky
226,Waipawa,NZ,2022-06-11 18:29:23,-41.4122,175.5153,51.21,73,31,19.44,light rain
227,Ponce,PR,2022-06-11 18:27:43,18.073,-66.6185,80.6,77,37,13.91,scattered clouds
228,Georgetown,MY,2022-06-11 18:27:35,5.4112,100.3354,77.95,94,40,4.61,scattered clouds
229,Gornyy,RU,2022-06-11 18:29:25,55.1153,83.9059,64.51,77,88,11.59,overcast clouds
230,Kibala,TD,2022-06-11 18:29:25,9.1104,18.3463,87.75,66,20,0.0,few clouds
231,Bisira,PA,2022-06-11 18:30:26,8.5196,-81.7115,67.1,84,100,1.7,overcast clouds
232,Manggar,ID,2022-06-11 18:30:26,-2.8833,108.2667,80.67,77,100,0.83,overcast clouds
233,Lebu,CL,2022-06-11 18:30:27,-37.6167,-73.65,55.31,68,100,4.81,overcast clouds
234,Evensk,RU,2022-06-11 18:30:28,61.95,159.2333,41.36,95,100,8.28,light rain
235,Mount Gambier,AU,2022-06-11 18:30:29,-37.8333,140.7667,50.76,78,100,10.11,overcast clouds
236,Richards Bay,ZA,2022-06-11 18:30:29,-28.783,32.0377,66.78,81,0,13.47,clear sky
237,Tabuk,PH,2022-06-11 18:27:46,17.4189,121.4443,75.38,90,100,3.06,overcast clouds
238,San Cristobal,VE,2022-06-11 18:30:32,7.7669,-72.225,78.98,52,100,7.4,overcast clouds
239,Saint George,US,2022-06-11 18:30:23,37.1041,-113.5841,105.64,12,0,4.0,clear sky
240,Mpongwe,ZM,2022-06-11 18:30:33,-13.5091,28.155,57.51,57,5,8.1,clear sky
241,Magole,TZ,2022-06-11 18:30:34,-6.3667,37.3667,69.57,83,92,2.1,overcast clouds
242,Callaguip,PH,2022-06-11 18:30:34,18.0714,120.4867,77.02,94,75,4.61,broken clouds
243,Cabedelo,BR,2022-06-11 18:30:35,-6.9811,-34.8339,74.07,76,17,6.13,moderate rain
244,Jumla,NP,2022-06-11 18:30:35,29.2747,82.1838,59.85,77,69,1.36,broken clouds
245,Angoche,MZ,2022-06-11 18:30:36,-16.2325,39.9086,68.92,88,1,9.46,clear sky
246,Soyo,AO,2022-06-11 18:30:36,-6.1349,12.3689,74.68,89,94,6.93,overcast clouds
247,Yangjiang,CN,2022-06-11 18:30:37,21.85,111.9667,77.63,93,100,4.56,overcast clouds
248,Coruripe,BR,2022-06-11 18:30:38,-10.1256,-36.1756,78.4,85,85,7.38,overcast clouds
249,Ciudad Bolivar,VE,2022-06-11 18:30:38,8.1222,-63.5497,90.16,48,100,8.9,overcast clouds
250,Chute-Aux-Outardes,CA,2022-06-11 18:30:39,49.1168,-68.399,66.18,63,40,23.02,scattered clouds
251,Hwange,ZW,2022-06-11 18:30:40,-18.3693,26.5019,59.81,56,0,2.19,clear sky
252,Zhigansk,RU,2022-06-11 18:30:40,66.7697,123.3711,47.98,82,100,12.08,overcast clouds
253,Magway,MM,2022-06-11 18:30:41,20.15,94.9167,81.34,72,100,10.4,overcast clouds
254,Aykhal,RU,2022-06-11 18:30:41,66.0,111.5,44.11,81,100,8.05,overcast clouds
255,Jharsuguda,IN,2022-06-11 18:30:42,21.85,84.0333,84.83,57,99,8.72,overcast clouds
256,Alihe,CN,2022-06-11 18:30:43,50.5667,123.7167,52.81,73,100,0.98,overcast clouds
257,Kingman,US,2022-06-11 18:30:19,35.1894,-114.053,102.18,6,0,6.91,clear sky
258,Ust-Kulom,RU,2022-06-11 18:30:43,61.6864,53.6902,41.99,83,100,10.18,overcast clouds
259,Beringovskiy,RU,2022-06-11 18:30:44,63.05,179.3167,39.29,77,95,8.16,overcast clouds
260,Zhigalovo,RU,2022-06-11 18:30:45,54.8097,105.1578,51.89,65,26,1.39,scattered clouds
261,Inirida,CO,2022-06-11 18:30:45,3.8653,-67.9239,81.82,91,88,3.56,overcast clouds
262,Petauke,ZM,2022-06-11 18:30:46,-14.2426,31.3253,57.83,62,0,7.78,clear sky
263,Malm,NO,2022-06-11 18:30:46,64.0721,11.2172,57.15,72,100,0.56,overcast clouds
264,Dzerzhinsk,RU,2022-06-11 18:30:47,56.2389,43.4631,58.82,67,0,2.24,clear sky
265,Port Blair,IN,2022-06-11 18:30:47,11.6667,92.75,80.64,89,40,4.61,mist
266,Vila Franca Do Campo,PT,2022-06-11 18:30:48,37.7167,-25.4333,68.2,93,100,7.65,moderate rain
267,Sand,DE,2022-06-11 18:30:49,50.0,10.6,73.45,77,26,1.34,scattered clouds
268,Ugoofaaru,MV,2022-06-11 18:30:49,5.6667,73.0,83.14,75,100,11.36,overcast clouds
269,Nouadhibou,MR,2022-06-11 18:30:50,20.931,-17.0347,71.58,73,0,25.32,sand
270,Namibe,AO,2022-06-11 18:30:50,-15.1961,12.1522,71.51,60,0,7.56,clear sky
271,Kenai,US,2022-06-11 18:30:51,60.5544,-151.2583,55.49,84,100,16.11,overcast clouds
272,Vila Velha,BR,2022-06-11 18:30:51,-20.3297,-40.2925,76.95,77,100,14.0,overcast clouds
273,Zaozhuang,CN,2022-06-11 18:30:52,34.8647,117.5542,71.65,61,100,8.61,overcast clouds
274,Hambantota,LK,2022-06-11 18:30:53,6.1241,81.1185,79.14,94,75,2.3,light rain
275,Olga,RU,2022-06-11 18:30:53,43.7444,135.2892,49.8,96,100,3.02,overcast clouds
276,Teeli,RU,2022-06-11 18:30:54,51.0333,90.2333,62.78,41,33,1.74,scattered clouds
277,Odessa,UA,2022-06-11 18:30:54,46.4775,30.7326,72.52,62,93,7.94,overcast clouds
278,Pisco,PE,2022-06-11 18:30:55,-13.7,-76.2167,65.01,82,20,6.91,mist
279,Ylivieska,FI,2022-06-11 18:31:55,64.0833,24.55,61.88,88,65,6.15,broken clouds
280,Zastron,ZA,2022-06-11 18:31:56,-30.3023,27.084,44.58,48,0,5.06,clear sky
281,Talara,PE,2022-06-11 18:31:57,-4.5772,-81.2719,72.36,68,75,12.66,broken clouds
282,Dajal,PK,2022-06-11 18:31:57,29.5577,70.3762,98.96,28,0,17.58,clear sky
283,Rocha,UY,2022-06-11 18:31:58,-34.4833,-54.3333,50.2,70,49,17.22,scattered clouds
284,Lavrentiya,RU,2022-06-11 18:30:43,65.5833,-171.0,36.23,63,100,18.92,overcast clouds
285,Preston,GB,2022-06-11 18:31:59,53.7667,-2.7167,63.32,84,84,17.13,broken clouds
286,Klaksvik,FO,2022-06-11 18:32:00,62.2266,-6.589,54.52,94,64,10.71,broken clouds
287,Harper,LR,2022-06-11 18:32:00,4.375,-7.7169,75.54,92,100,6.87,moderate rain
288,Camana,PE,2022-06-11 18:32:01,-16.6228,-72.7111,66.27,71,1,9.26,clear sky
289,Luwuk,ID,2022-06-11 18:32:01,-0.9516,122.7875,77.52,86,100,1.23,overcast clouds
290,Olinda,BR,2022-06-11 18:32:02,-8.0089,-34.8553,74.93,94,75,2.3,light rain
291,Upernavik,GL,2022-06-11 18:32:03,72.7868,-56.1549,30.45,79,25,14.09,scattered clouds
292,Isangel,VU,2022-06-11 18:32:03,-19.55,169.2667,76.91,89,100,6.06,overcast clouds
293,Ancona,IT,2022-06-11 18:32:04,43.55,13.1667,75.34,53,0,4.61,clear sky
294,Atar,MR,2022-06-11 18:32:04,20.5169,-13.0499,109.45,17,19,6.91,dust
295,Weligama,LK,2022-06-11 18:32:05,5.9667,80.4167,78.84,88,100,10.18,light rain
296,Padang,ID,2022-06-11 18:32:06,-0.9492,100.3543,71.65,97,100,2.08,moderate rain
297,Pindiga,NG,2022-06-11 18:32:06,9.9833,10.9333,84.24,52,59,9.69,broken clouds
298,Krasnoselkup,RU,2022-06-11 18:32:07,65.7,82.4667,65.73,51,100,16.51,overcast clouds
299,Alofi,NU,2022-06-11 18:32:08,-19.0595,-169.9187,73.29,100,80,9.22,broken clouds
300,Pochutla,MX,2022-06-11 18:32:13,15.7432,-96.4661,87.82,71,95,7.25,overcast clouds
301,Santa Rosa,PH,2022-06-11 18:31:16,14.3122,121.1114,84.18,80,80,2.08,broken clouds
302,San Angelo,US,2022-06-11 18:30:33,31.4638,-100.437,102.94,26,0,13.8,clear sky
303,Belmonte,BR,2022-06-11 18:31:27,-15.8631,-38.8828,78.96,74,100,9.89,overcast clouds
304,Dingle,PH,2022-06-11 18:32:15,10.9995,122.6711,76.6,90,76,2.71,broken clouds
305,Suluq,LY,2022-06-11 18:32:15,31.6682,20.2521,74.07,65,0,14.47,clear sky
306,Katsuura,JP,2022-06-11 18:32:16,35.1333,140.3,64.92,94,100,23.42,light rain
307,Zaozerne,UA,2022-06-11 18:32:17,45.1582,33.2787,69.62,82,100,8.48,overcast clouds
308,Tabas,IR,2022-06-11 18:32:18,33.5959,56.9244,86.11,27,0,13.51,clear sky
309,Sinnamary,GF,2022-06-11 18:28:11,5.3833,-52.95,82.78,71,53,9.24,broken clouds
310,Maceio,BR,2022-06-11 18:27:29,-9.6658,-35.7353,76.44,94,75,4.61,mist
311,Kyshtovka,RU,2022-06-11 18:32:19,56.555,76.6271,55.24,94,0,7.67,clear sky
312,Gouyave,GD,2022-06-11 18:32:20,12.1646,-61.7296,84.97,70,20,29.93,few clouds
313,Sehithwa,BW,2022-06-11 18:32:21,-20.4667,22.7167,56.53,36,0,7.52,clear sky
314,Karpogory,RU,2022-06-11 18:32:21,64.0019,44.4451,46.02,64,0,4.81,clear sky
315,Mutare,ZW,2022-06-11 18:32:22,-18.9707,32.6709,54.25,90,82,0.72,broken clouds
316,Yarkovo,RU,2022-06-11 18:32:22,57.4028,67.0786,52.97,97,22,4.18,few clouds
317,Eydhafushi,MV,2022-06-11 18:32:23,5.1033,73.0708,83.3,74,100,11.07,overcast clouds
318,Quatre Cocos,MU,2022-06-11 18:32:24,-20.2078,57.7625,73.51,72,100,18.3,overcast clouds
319,Grenaa,DK,2022-06-11 18:32:24,56.4158,10.8783,66.42,74,4,13.78,clear sky
320,Najran,SA,2022-06-11 18:32:25,17.4924,44.1277,86.65,12,12,1.88,few clouds
321,Santa Maria,BR,2022-06-11 18:31:00,-29.6842,-53.8069,52.9,35,0,11.5,clear sky
322,Jawhar,SO,2022-06-11 18:33:26,2.7809,45.5005,76.77,82,53,14.16,broken clouds
323,Khairpur Nathan Shah,PK,2022-06-11 18:33:26,27.0936,67.7337,94.71,45,3,14.79,clear sky
324,Buchanan,LR,2022-06-11 18:33:27,5.8808,-10.0467,78.01,84,90,7.83,light rain
325,Kushima,JP,2022-06-11 18:33:28,31.4583,131.2333,65.43,92,89,4.79,overcast clouds
326,Zaysan,KZ,2022-06-11 18:33:28,47.4667,84.8667,72.0,42,99,6.29,overcast clouds
327,Ancud,CL,2022-06-11 18:33:29,-41.8697,-73.8203,50.41,80,100,9.28,overcast clouds
328,Fortuna,US,2022-06-11 18:32:41,40.5982,-124.1573,72.52,81,75,0.0,broken clouds
329,Tarbes,FR,2022-06-11 18:33:30,43.25,0.1667,73.87,68,0,11.5,clear sky
330,Jutiapa,GT,2022-06-11 18:33:31,14.2833,-89.9,83.48,61,100,3.65,overcast clouds
331,Kununurra,AU,2022-06-11 18:31:35,-15.7667,128.7333,66.18,30,80,6.91,broken clouds
332,Atherton,GB,2022-06-11 18:33:32,53.5237,-2.4935,64.06,65,91,8.99,overcast clouds
333,Crixas,BR,2022-06-11 18:33:32,-14.5489,-49.9692,89.11,27,100,4.18,overcast clouds
334,Coihaique,CL,2022-06-11 18:33:26,-45.5752,-72.0662,38.01,80,0,3.44,clear sky
335,Greenville,US,2022-06-11 18:31:01,35.6127,-77.3663,85.95,49,75,8.05,broken clouds
336,Iralaya,HN,2022-06-11 18:33:34,15.0,-83.2333,79.56,81,100,12.73,overcast clouds
337,Tual,ID,2022-06-11 18:33:34,-5.6667,132.75,81.86,77,66,5.21,broken clouds
338,Karlshus,NO,2022-06-11 18:33:35,59.352,10.8723,60.93,80,40,18.41,scattered clouds
339,Sabang,ID,2022-06-11 18:33:36,5.8933,95.3214,83.07,71,100,14.54,overcast clouds
340,Minnedosa,CA,2022-06-11 18:33:37,50.2453,-99.8436,72.16,66,98,5.26,overcast clouds
341,The Valley,AI,2022-06-11 18:33:37,18.217,-63.0578,86.14,70,40,20.71,scattered clouds
342,Mango,US,2022-06-11 18:33:38,27.9797,-82.3065,89.51,79,40,11.5,light intensity drizzle
343,Bolobo,CD,2022-06-11 18:33:39,-2.1667,16.2333,77.18,49,1,0.85,clear sky
344,Karratha,AU,2022-06-11 18:33:39,-20.7377,116.8463,72.64,79,0,8.34,clear sky
345,Revelstoke,CA,2022-06-11 18:30:24,50.9832,-118.2023,59.02,77,100,0.0,overcast clouds
346,Horasan,TR,2022-06-11 18:33:40,40.0458,42.1728,57.78,73,5,3.44,clear sky
347,Vicuna,CL,2022-06-11 18:33:41,-30.0319,-70.7081,47.93,14,0,5.61,clear sky
348,San Pedro,PH,2022-06-11 18:33:41,14.35,121.0167,83.43,83,75,2.3,broken clouds
349,Zhangjiakou,CN,2022-06-11 18:33:42,40.81,114.8794,58.3,91,100,4.05,overcast clouds
350,Touros,BR,2022-06-11 18:33:42,-5.1989,-35.4608,82.31,70,65,7.81,broken clouds
351,Chadiza,ZM,2022-06-11 18:33:43,-14.0678,32.4392,53.94,72,3,4.92,clear sky
352,Kayes,ML,2022-06-11 18:33:44,14.0,-11.0,101.53,19,100,7.83,overcast clouds
353,Kapoeta,SS,2022-06-11 18:33:44,4.7717,33.5903,82.18,44,87,5.7,overcast clouds
354,Matara,LK,2022-06-11 18:33:45,5.9485,80.5353,78.51,89,100,9.91,overcast clouds
355,Waitakere,NZ,2022-06-11 18:33:45,-36.9175,174.6577,54.79,95,75,9.22,broken clouds
356,Balikpapan,ID,2022-06-11 18:33:46,-1.2675,116.8289,74.62,91,92,3.65,overcast clouds
357,Acari,PE,2022-06-11 18:33:47,-15.4311,-74.6158,75.06,50,0,8.16,clear sky
358,Prabumulih,ID,2022-06-11 18:33:47,-3.45,104.25,72.84,99,100,2.59,overcast clouds
359,Los Llanos De Aridane,ES,2022-06-11 18:33:48,28.6585,-17.9182,70.12,86,40,16.11,scattered clouds
360,Dolinsk,RU,2022-06-11 18:32:09,47.35,142.8,42.82,98,100,3.8,overcast clouds
361,Akyab,MM,2022-06-11 18:33:49,20.15,92.9,81.95,85,80,10.33,broken clouds
362,Springdale,US,2022-06-11 18:32:03,36.1867,-94.1288,89.98,64,0,6.91,clear sky
363,Elmira,US,2022-06-11 18:31:51,42.0898,-76.8077,71.92,66,63,6.24,broken clouds
364,Borogontsy,RU,2022-06-11 18:33:50,62.6683,131.1683,52.5,84,98,1.79,light rain
365,Hualmay,PE,2022-06-11 18:33:51,-11.0964,-77.6139,68.52,70,15,12.17,few clouds
366,Codrington,AU,2022-06-11 18:33:52,-38.2667,141.9667,52.25,75,100,18.57,overcast clouds
367,Bathsheba,BB,2022-06-11 18:34:52,13.2167,-59.5167,86.61,66,20,24.16,few clouds
368,Viedma,AR,2022-06-11 18:34:53,-40.8135,-62.9967,62.01,23,54,11.88,broken clouds
369,Chernyshevsk,RU,2022-06-11 18:34:54,52.5243,117.0174,54.16,77,100,2.55,overcast clouds
370,Jonkoping,SE,2022-06-11 18:33:04,57.7814,14.1562,65.91,52,10,10.36,clear sky
371,Xacmaz,AZ,2022-06-11 18:34:55,41.4635,48.806,64.54,61,22,3.67,few clouds
372,Lawton,US,2022-06-11 18:34:55,34.6087,-98.3903,94.41,46,20,6.91,few clouds
373,Kuala Lumpur,MY,2022-06-11 18:34:56,3.1431,101.6865,74.75,94,20,3.44,few clouds
374,Yangshan,CN,2022-06-11 18:34:56,28.7615,115.0287,68.13,91,95,2.66,overcast clouds
375,Raudeberg,NO,2022-06-11 18:34:57,61.9875,5.1352,57.96,73,100,18.32,overcast clouds
376,Petropavlovka,RU,2022-06-11 18:34:57,50.6114,105.3196,51.19,80,1,5.03,clear sky
377,Vilyuysk,RU,2022-06-11 18:33:15,63.7553,121.6247,49.21,82,100,4.56,overcast clouds
378,Thiers,FR,2022-06-11 18:34:58,45.8333,3.5,80.92,67,0,1.52,clear sky
379,Algiers,DZ,2022-06-11 18:32:21,36.7525,3.042,73.22,60,0,13.8,clear sky
380,Isla Aguada,MX,2022-06-11 18:35:00,18.7833,-91.4667,87.84,60,0,2.53,clear sky
381,Lalitpur,NP,2022-06-11 18:35:00,27.6667,85.3333,71.98,88,20,4.61,few clouds
382,Marrakesh,MA,2022-06-11 18:32:45,31.6315,-8.0083,91.47,40,75,9.22,broken clouds
383,Venancio Aires,BR,2022-06-11 18:32:47,-29.6064,-52.1919,57.27,56,0,8.19,clear sky
384,San Vicente,AR,2022-06-11 18:35:02,-26.6167,-54.1333,51.28,38,0,4.68,clear sky
385,Donskoye,RU,2022-06-11 18:35:02,45.4552,41.9741,77.13,46,9,2.55,clear sky
386,Puerto Parra,CO,2022-06-11 18:35:03,6.6515,-74.0573,82.56,60,86,2.04,overcast clouds
387,Katobu,ID,2022-06-11 18:35:04,-4.9408,122.5276,75.52,93,92,3.56,overcast clouds
388,Tevriz,RU,2022-06-11 18:35:04,57.509,72.4042,53.53,99,24,5.14,few clouds
389,Berasia,IN,2022-06-11 18:35:05,23.6333,77.4333,77.45,44,93,14.56,overcast clouds
390,Coari,BR,2022-06-11 18:35:05,-4.085,-63.1414,78.15,73,100,4.16,overcast clouds
391,Xicotencatl,MX,2022-06-11 18:35:06,23.0167,-98.8833,96.48,33,0,11.65,clear sky
392,Mataram,ID,2022-06-11 18:35:07,-8.5833,116.1167,76.01,87,81,3.42,broken clouds
393,Westport,US,2022-06-11 18:33:19,41.1415,-73.3579,77.38,53,100,1.99,overcast clouds
394,Paamiut,GL,2022-06-11 18:35:08,61.994,-49.6678,41.27,78,100,2.64,overcast clouds
395,Kaupanger,NO,2022-06-11 18:35:08,61.1845,7.2404,54.1,67,99,4.81,overcast clouds
396,Lazaro Cardenas,MX,2022-06-11 18:31:52,17.9583,-102.2,88.07,59,53,11.39,broken clouds
397,Beloha,MG,2022-06-11 18:35:09,-25.1667,45.05,67.57,83,2,14.29,clear sky
398,Porto Santo,PT,2022-06-11 18:35:10,33.072,-16.3415,68.38,77,40,13.8,scattered clouds
399,Bilma,NE,2022-06-11 18:35:10,18.6853,12.9164,97.65,12,0,3.4,clear sky
400,Jacareacanga,BR,2022-06-11 18:35:11,-6.2222,-57.7528,87.75,51,93,2.37,overcast clouds
401,Amuntai,ID,2022-06-11 18:35:12,-2.4177,115.2494,73.26,99,96,0.96,overcast clouds
402,At-Bashi,KG,2022-06-11 18:35:12,41.1702,75.8106,56.8,63,83,2.68,broken clouds
403,Hami,CN,2022-06-11 18:35:13,42.8,93.45,75.09,10,0,5.26,clear sky
404,Mudkhed,IN,2022-06-11 18:35:13,19.1667,77.5167,81.57,69,100,13.94,overcast clouds
405,Panorama,GR,2022-06-11 18:35:14,40.5878,23.0315,70.43,79,20,5.75,few clouds
406,Sao Joao Dos Patos,BR,2022-06-11 18:35:15,-6.495,-43.7022,85.28,53,97,7.16,overcast clouds
407,Krasnaya Gora,RU,2022-06-11 18:35:15,52.9995,31.6023,62.26,94,45,5.7,scattered clouds
408,Sorland,NO,2022-06-11 18:35:16,67.667,12.6934,49.86,91,87,6.78,overcast clouds
409,Lompoc,US,2022-06-11 18:35:17,34.6391,-120.4579,95.02,60,0,10.36,clear sky
410,Hilton Head Island,US,2022-06-11 18:32:42,32.2163,-80.7526,91.06,80,100,6.91,thunderstorm
411,Sambava,MG,2022-06-11 18:35:18,-14.2667,50.1667,71.33,83,93,13.82,overcast clouds
412,Powell River,CA,2022-06-11 18:35:18,49.8496,-124.5361,62.01,82,100,10.36,overcast clouds
413,Guerrero Negro,MX,2022-06-11 18:35:19,27.9769,-114.0611,76.75,53,6,14.92,clear sky
414,Sao Jose Da Coroa Grande,BR,2022-06-11 18:36:19,-8.8978,-35.1478,79.41,80,11,4.94,light rain
415,Ziarat,PK,2022-06-11 18:36:20,30.3823,67.7282,64.54,45,0,3.4,clear sky
416,Cap-Aux-Meules,CA,2022-06-11 18:36:20,47.3821,-61.8597,69.82,60,72,23.02,broken clouds
417,Oborniki,PL,2022-06-11 18:36:22,52.6474,16.8141,75.61,60,69,4.05,broken clouds
418,Auki,SB,2022-06-11 18:36:23,-8.7676,160.7034,76.15,87,9,4.18,clear sky
419,Magadan,RU,2022-06-11 18:36:24,59.5667,150.8,36.54,98,100,3.53,overcast clouds
420,Saint-Ambroise,CA,2022-06-11 18:36:24,48.5501,-71.3324,71.91,40,57,11.5,broken clouds
421,Macamic,CA,2022-06-11 18:36:25,48.7502,-78.9996,66.15,55,81,4.52,broken clouds
422,Fethiye,TR,2022-06-11 18:36:25,36.6217,29.1164,73.27,82,2,2.68,clear sky
423,Peski,RU,2022-06-11 18:36:26,55.2163,38.7626,60.21,77,52,4.94,broken clouds
424,High Level,CA,2022-06-11 18:36:26,58.5169,-117.136,64.51,63,40,5.75,scattered clouds
425,Griffith,US,2022-06-11 18:32:58,41.5284,-87.4237,74.39,68,75,8.05,broken clouds
426,Nabire,ID,2022-06-11 18:36:28,-3.3667,135.4833,75.02,91,23,3.0,few clouds
427,Koboko,UG,2022-06-11 18:36:28,3.4136,30.9599,66.42,74,71,3.04,broken clouds
428,Vostok,RU,2022-06-11 18:36:29,46.4856,135.8833,42.78,94,0,3.27,clear sky
429,Sabha,LY,2022-06-11 18:36:29,27.0377,14.4283,88.47,20,0,12.03,clear sky
430,Berck,FR,2022-06-11 18:36:30,50.4,1.6,62.58,72,0,10.36,clear sky
431,Cradock,ZA,2022-06-11 18:36:31,-32.1642,25.6192,56.19,35,36,9.95,scattered clouds
432,Nyurba,RU,2022-06-11 18:36:32,63.2842,118.3319,47.41,91,100,4.65,light rain
433,Gobabis,NA,2022-06-11 18:36:32,-22.45,18.9667,54.05,43,0,12.91,clear sky
434,Mattru,SL,2022-06-11 18:36:33,7.6244,-11.8332,76.6,92,100,3.71,overcast clouds
435,Payo,ID,2022-06-11 18:36:33,-3.7508,103.6372,71.42,98,100,1.95,overcast clouds
436,Salalah,OM,2022-06-11 18:33:08,17.0151,54.0924,87.89,79,75,8.05,broken clouds
437,Mehran,IR,2022-06-11 18:36:34,33.1222,46.1646,92.17,15,0,13.49,clear sky
438,Give,DK,2022-06-11 18:36:35,55.8398,9.25,60.24,72,53,12.66,broken clouds
439,Deniliquin,AU,2022-06-11 18:36:36,-35.5333,144.9667,50.83,62,100,12.77,overcast clouds
440,Tukrah,LY,2022-06-11 18:36:36,32.5341,20.5791,72.97,81,0,14.63,clear sky
441,Hohhot,CN,2022-06-11 18:36:37,40.8106,111.6522,55.69,41,0,4.47,clear sky
442,Oistins,BB,2022-06-11 18:36:37,13.0667,-59.5333,86.09,66,20,24.16,few clouds
443,Solca,RO,2022-06-11 18:36:38,47.7,25.85,62.15,93,99,6.06,overcast clouds
444,Pangnirtung,CA,2022-06-11 18:36:39,66.1451,-65.7125,37.4,87,100,10.36,overcast clouds
445,Maymyo,MM,2022-06-11 18:36:39,22.0333,96.4667,66.61,93,100,0.87,overcast clouds
446,Farmington,US,2022-06-11 18:32:14,36.7281,-108.2187,94.77,12,0,12.66,clear sky
447,Kuryk,KZ,2022-06-11 18:36:40,43.2,51.65,73.47,47,69,8.9,broken clouds
448,Goderich,CA,2022-06-11 18:36:24,43.7501,-81.7165,70.12,60,50,9.22,scattered clouds
449,Almeria,ES,2022-06-11 18:36:41,37.1667,-2.3333,79.43,33,0,6.64,clear sky
450,Itoman,JP,2022-06-11 18:36:42,26.1247,127.6694,77.02,92,100,8.05,overcast clouds
451,Kimbe,PG,2022-06-11 18:36:43,-5.5502,150.1429,74.26,92,5,3.62,clear sky
452,Jasper,US,2022-06-11 18:36:43,37.2001,-94.3502,90.88,64,0,6.91,clear sky
453,Fort Nelson,CA,2022-06-11 18:36:18,58.8053,-122.7002,63.99,59,75,0.0,broken clouds
454,Risor,NO,2022-06-11 18:36:45,58.7206,9.2342,59.77,71,0,20.87,clear sky
455,Batagay-Alyta,RU,2022-06-11 18:36:45,67.8006,130.4114,53.29,51,99,1.77,overcast clouds
456,Hvide Sande,DK,2022-06-11 18:36:46,56.0045,8.1294,58.08,89,60,15.77,broken clouds
457,Marienburg,PL,2022-06-11 18:36:46,54.0359,19.0266,68.85,79,62,4.59,broken clouds
458,Ilhabela,BR,2022-06-11 18:37:47,-23.7781,-45.3581,63.84,85,100,5.35,overcast clouds
459,Souris,CA,2022-06-11 18:37:48,49.6172,-100.2612,74.73,57,76,2.51,broken clouds
460,Chimbote,PE,2022-06-11 18:37:48,-9.0853,-78.5783,68.43,74,19,12.28,few clouds
461,Aswan,EG,2022-06-11 18:37:49,24.0934,32.907,101.5,11,0,3.44,clear sky
462,Morro Bay,US,2022-06-11 18:37:49,35.3658,-120.8499,97.93,44,21,5.01,few clouds
463,Ewa Beach,US,2022-06-11 18:35:47,21.3156,-158.0072,80.6,63,0,13.8,light rain
464,Portland,US,2022-06-11 18:37:01,45.5234,-122.6762,67.08,86,75,1.01,broken clouds
465,Mareeba,AU,2022-06-11 18:37:51,-17.0,145.4333,59.72,95,87,2.62,overcast clouds
466,Ilebo,CD,2022-06-11 18:37:51,-4.3167,20.5833,76.03,48,0,0.85,clear sky
467,Areosa,PT,2022-06-11 18:37:52,41.7178,-8.8571,71.82,75,0,16.26,light rain
468,Pemangkat,ID,2022-06-11 18:37:52,1.1667,108.9667,77.97,83,100,2.57,overcast clouds
469,Zhob,PK,2022-06-11 18:37:53,31.3411,69.4481,81.03,27,0,1.28,clear sky
470,Yumen,CN,2022-06-11 18:35:01,40.2833,97.2,63.19,11,0,5.46,clear sky
471,Lewisporte,CA,2022-06-11 18:37:54,49.2499,-55.0482,73.11,52,100,14.79,overcast clouds
472,Pedasi,PA,2022-06-11 18:37:54,7.5333,-80.0333,78.06,75,100,2.95,overcast clouds
473,Barcelos,PT,2022-06-11 18:37:55,41.5388,-8.6151,89.92,66,0,5.7,clear sky
474,Half Moon Bay,US,2022-06-11 18:37:56,37.4636,-122.4286,94.87,63,0,17.27,clear sky
475,Caucaia,BR,2022-06-11 18:37:56,-3.7361,-38.6531,85.95,70,20,12.66,few clouds
476,Tiksi,RU,2022-06-11 18:37:57,71.6872,128.8694,37.87,76,94,7.18,overcast clouds
477,Benjamin Constant,BR,2022-06-11 18:37:57,-4.3831,-70.0311,77.13,73,75,3.44,broken clouds
478,Qasigiannguit,GL,2022-06-11 18:37:58,68.8193,-51.1922,37.65,82,82,7.11,broken clouds
479,Vanavara,RU,2022-06-11 18:37:14,60.34,102.2797,46.81,72,59,4.76,broken clouds
480,Passo De Camaragibe,BR,2022-06-11 18:37:59,-9.2368,-35.4901,76.55,91,19,3.94,few clouds
481,Carnot,CF,2022-06-11 18:37:59,4.9409,15.8665,74.52,74,23,1.45,light rain
482,Ostrovnoy,RU,2022-06-11 18:38:00,68.0531,39.5131,55.96,60,17,9.06,few clouds
483,Te Anau,NZ,2022-06-11 18:38:01,-45.4167,167.7167,39.06,97,100,5.93,light rain
484,Jhusi,IN,2022-06-11 18:38:02,25.4333,81.9333,98.1,15,0,3.13,clear sky
485,La Palma,US,2022-06-11 18:38:02,33.8464,-118.0467,97.95,63,0,5.75,haze
486,Biryusinsk,RU,2022-06-11 18:38:03,55.9634,97.8235,54.91,69,40,4.85,scattered clouds
487,Chegutu,ZW,2022-06-11 18:38:03,-18.1302,30.1407,53.26,81,0,9.44,clear sky
488,Gasa,PS,2022-06-11 18:34:14,31.5,34.4667,82.89,38,0,9.4,clear sky
489,Mpika,ZM,2022-06-11 18:38:04,-11.8343,31.4529,52.25,76,3,3.62,clear sky
490,Biak,ID,2022-06-11 18:38:06,-0.9131,122.8766,76.3,84,100,0.27,overcast clouds
491,La Pintada,CO,2022-06-11 18:38:07,5.7487,-75.6063,88.34,60,88,1.14,overcast clouds
492,San Policarpo,PH,2022-06-11 18:38:07,12.1791,125.5072,79.16,80,29,5.75,scattered clouds
493,Talnakh,RU,2022-06-11 18:38:08,69.4865,88.3972,54.21,51,98,7.52,overcast clouds
494,Whitecourt,CA,2022-06-11 18:38:09,54.1502,-115.6855,65.44,45,75,16.11,broken clouds
495,Savelugu,GH,2022-06-11 18:38:09,9.6244,-0.8253,85.78,55,78,5.59,light rain
496,Oksfjord,NO,2022-06-11 18:38:10,70.2396,22.3479,54.0,90,100,1.21,overcast clouds
497,Yulara,AU,2022-06-11 18:38:11,-25.2406,130.9889,44.67,60,6,6.76,clear sky
498,Road Town,VG,2022-06-11 18:37:12,18.4167,-64.6167,87.89,70,20,16.11,few clouds
499,Nelson Bay,AU,2022-06-11 18:38:11,-32.7167,152.15,51.1,61,0,3.0,clear sky
500,Qeshm,IR,2022-06-11 18:38:12,26.9581,56.2719,89.47,71,0,5.93,clear sky
501,Moranbah,AU,2022-06-11 18:38:13,-22.0016,148.0466,47.14,68,80,7.38,broken clouds
502,San Vicente De Canete,PE,2022-06-11 18:38:13,-13.0751,-76.3835,67.37,73,38,8.16,scattered clouds
503,Koutsouras,GR,2022-06-11 18:38:14,35.0339,25.9469,75.11,63,15,5.35,few clouds
504,Hamilton,US,2022-06-11 18:34:02,39.1834,-84.5333,78.26,67,40,8.05,scattered clouds
505,Erenhot,CN,2022-06-11 18:39:15,43.6475,111.9767,56.68,58,96,18.03,overcast clouds
506,Halifax,CA,2022-06-11 18:36:33,44.6453,-63.5724,75.52,60,100,5.01,overcast clouds
507,Petropavlovsk-Kamchatskiy,RU,2022-06-11 18:39:16,53.0452,158.6483,39.79,100,100,4.47,fog
508,Ossora,RU,2022-06-11 18:39:16,59.2353,163.0719,45.16,74,100,3.98,overcast clouds
509,Saint Anthony,US,2022-06-11 18:39:17,45.0205,-93.218,78.42,57,75,6.91,broken clouds
510,Egersund,NO,2022-06-11 18:39:18,58.4513,5.9997,58.08,93,44,13.42,scattered clouds
511,La Rioja,ES,2022-06-11 18:39:21,42.25,-2.5,71.38,82,100,4.14,overcast clouds
512,Mahibadhoo,MV,2022-06-11 18:39:22,3.7833,72.9667,82.92,75,100,10.71,overcast clouds
513,Bonthe,SL,2022-06-11 18:39:22,7.5264,-12.505,80.26,79,100,8.55,overcast clouds
514,Chara,RU,2022-06-11 18:39:23,56.9064,118.2631,54.72,90,100,3.09,light rain
515,Ambilobe,MG,2022-06-11 18:39:24,-13.2,49.05,69.6,81,45,4.7,scattered clouds
516,San Jose,US,2022-06-11 18:37:04,37.3394,-121.895,94.48,30,20,8.99,few clouds
517,Swan Hill,AU,2022-06-11 18:39:25,-35.3378,143.5544,51.1,62,100,14.12,overcast clouds
518,Tutoia,BR,2022-06-11 18:37:32,-2.7619,-42.2744,80.47,83,100,9.73,overcast clouds
519,Mayo,US,2022-06-11 18:39:26,38.8876,-76.5119,72.66,83,100,4.61,overcast clouds
520,Margate,GB,2022-06-11 18:39:27,51.3813,1.3862,66.69,62,36,5.01,scattered clouds
521,Port Hedland,AU,2022-06-11 18:39:27,-20.3167,118.5667,68.05,88,100,4.61,overcast clouds
522,Karasuk,RU,2022-06-11 18:39:28,53.7377,78.0403,62.46,60,0,8.08,clear sky
523,Likasi,CD,2022-06-11 18:39:28,-10.9814,26.7333,57.29,68,5,3.69,clear sky
524,Belyy Yar,RU,2022-06-11 18:39:29,53.6039,91.3903,60.69,65,0,0.0,clear sky
525,Nisia Floresta,BR,2022-06-11 18:39:22,-6.0911,-35.2086,86.81,81,68,6.33,broken clouds
526,Leningradskiy,RU,2022-06-11 18:39:30,69.3833,178.4167,34.81,71,87,10.13,overcast clouds
527,Paidha,UG,2022-06-11 18:39:30,2.4167,30.9855,62.69,82,100,5.66,overcast clouds
528,Andreapol,RU,2022-06-11 18:39:31,56.6513,32.2664,59.11,92,17,4.16,few clouds
529,Quatis,BR,2022-06-11 18:39:32,-22.4072,-44.2581,63.75,94,100,1.52,overcast clouds
530,Jardim,BR,2022-06-11 18:36:36,-21.4803,-56.1381,65.26,34,100,7.31,overcast clouds
531,Broken Hill,AU,2022-06-11 18:39:32,-31.95,141.4333,42.84,89,0,7.76,clear sky
532,Khrebtovaya,RU,2022-06-11 18:39:33,56.7032,104.2494,54.48,50,93,1.95,overcast clouds
533,Denizli,TR,2022-06-11 18:39:34,37.8402,29.0698,70.3,71,2,6.51,clear sky
534,Celestun,MX,2022-06-11 18:39:34,20.8667,-90.4,87.69,58,0,9.22,clear sky
535,Havre-Saint-Pierre,CA,2022-06-11 18:39:35,50.2334,-63.5986,57.56,77,75,28.77,broken clouds
536,Sumoto,JP,2022-06-11 18:39:35,34.35,134.9,69.84,91,100,9.01,light rain
537,Santa Maria Del Oro,MX,2022-06-11 18:39:36,25.9333,-105.3667,92.08,16,5,10.71,clear sky
538,Inhambane,MZ,2022-06-11 18:39:36,-23.865,35.3833,71.58,83,40,3.44,scattered clouds
539,Gorontalo,ID,2022-06-11 18:39:37,0.5412,123.0595,73.81,95,38,2.77,scattered clouds
540,Bowen,AU,2022-06-11 18:34:54,-20.0167,148.2333,55.06,68,100,7.02,overcast clouds
541,Okhotsk,RU,2022-06-11 18:39:38,59.3833,143.3,41.29,93,100,1.28,overcast clouds
542,Fuerte Olimpo,PY,2022-06-11 18:39:39,-21.0415,-57.8738,69.12,22,100,8.5,overcast clouds
543,Leczna,PL,2022-06-11 18:37:47,51.3012,22.8814,70.11,60,0,4.61,clear sky
544,Formosa,AR,2022-06-11 18:39:40,-26.1775,-58.1781,57.69,39,0,5.84,clear sky
545,Nuuk,GL,2022-06-11 18:39:40,64.1835,-51.7216,52.41,62,75,9.22,broken clouds
546,Banjar,ID,2022-06-11 18:39:41,-8.19,114.9675,76.91,89,100,3.38,overcast clouds
547,Vestmannaeyjar,IS,2022-06-11 18:39:42,63.4427,-20.2734,51.37,80,100,23.0,overcast clouds
548,Talas,TR,2022-06-11 18:39:42,38.6908,35.5538,72.27,43,40,1.14,scattered clouds
549,Jinzhou,CN,2022-06-11 18:39:43,41.1078,121.1417,64.45,83,100,6.15,moderate rain
550,Honjo,JP,2022-06-11 18:40:43,36.2333,139.1833,64.67,94,100,2.51,light rain
551,Pitimbu,BR,2022-06-11 18:40:44,-7.4706,-34.8086,73.99,77,20,6.35,few clouds
552,Puerto Baquerizo Moreno,EC,2022-06-11 18:40:44,-0.9,-89.6,74.39,83,100,9.22,light rain
553,Shache,CN,2022-06-11 18:40:45,38.4167,77.2406,79.47,18,65,5.1,broken clouds
554,San Felipe,VE,2022-06-11 18:40:46,10.3399,-68.7425,84.52,71,97,3.56,overcast clouds
555,Kraskino,RU,2022-06-11 18:40:46,42.7114,130.7794,52.39,95,65,1.68,broken clouds
556,Nohar,IN,2022-06-11 18:40:47,29.1833,74.7667,94.42,16,0,9.48,clear sky
557,Sao Sebastiao,BR,2022-06-11 18:39:40,-23.76,-45.4097,63.32,89,100,4.47,overcast clouds
558,California City,US,2022-06-11 18:40:48,35.1258,-117.9859,101.86,14,0,14.97,clear sky
559,Thessalon,CA,2022-06-11 18:40:48,46.2501,-83.5666,68.29,67,100,2.04,overcast clouds
560,Sanchez,DO,2022-06-11 18:40:49,19.2281,-69.6137,91.42,70,40,11.5,scattered clouds
561,Quixada,BR,2022-06-11 18:40:49,-4.9714,-39.0153,82.92,60,70,4.18,broken clouds
562,Orito,CO,2022-06-11 18:40:50,0.6766,-76.8771,71.4,96,100,1.25,overcast clouds
563,Alta Floresta,BR,2022-06-11 18:40:51,-9.8756,-56.0861,82.22,61,40,6.91,scattered clouds
564,Port Pirie,AU,2022-06-11 18:40:51,-33.1833,138.0167,47.44,89,17,5.3,few clouds
565,Warmbad,NA,2022-06-11 18:40:52,-28.45,18.7333,66.45,21,31,12.66,scattered clouds
566,Dukat,RU,2022-06-11 18:40:52,62.55,155.55,34.43,100,100,2.98,snow
567,Tyup,KG,2022-06-11 18:40:53,42.7276,78.3648,56.44,75,80,4.18,broken clouds
568,Broome,US,2022-06-11 18:40:54,42.2506,-75.833,71.46,58,75,6.91,broken clouds
569,Diapaga,BF,2022-06-11 18:40:55,12.0708,1.7889,88.34,46,51,1.63,light rain
570,Qandala,SO,2022-06-11 18:40:55,11.472,49.8728,91.9,51,100,2.28,overcast clouds
571,Kahului,US,2022-06-11 18:40:56,20.8947,-156.47,80.62,68,20,16.11,few clouds
572,Ipil,PH,2022-06-11 18:40:56,7.75,122.5167,74.5,88,14,2.1,few clouds
573,Altay,CN,2022-06-11 18:40:57,47.8667,88.1167,69.37,36,10,7.47,clear sky
574,Kargasok,RU,2022-06-11 18:40:58,59.0556,80.8572,58.32,94,100,6.46,light rain
575,Gushikawa,JP,2022-06-11 18:40:58,26.3544,127.8686,76.23,93,40,5.75,scattered clouds
576,Fairbanks,US,2022-06-11 18:40:28,64.8378,-147.7164,62.49,61,0,3.44,clear sky
577,Spas-Klepiki,RU,2022-06-11 18:40:59,55.1347,40.1767,61.79,72,98,3.71,overcast clouds
578,Willowmore,ZA,2022-06-11 18:41:00,-33.2926,23.4895,58.33,29,100,7.43,overcast clouds
579,Terney,RU,2022-06-11 18:41:01,45.0503,136.6092,46.63,92,24,2.59,few clouds
580,Bogo,PH,2022-06-11 18:41:01,11.0517,124.0055,78.12,83,78,1.54,broken clouds
581,Rusera,IN,2022-06-11 18:41:02,25.75,86.0333,87.8,66,0,11.52,clear sky
582,Kondinskoye,RU,2022-06-11 18:41:02,59.6481,67.41,55.54,93,100,4.16,overcast clouds
583,Korcula,HR,2022-06-11 18:41:03,42.9622,17.1369,75.63,67,10,8.99,clear sky
584,Ahipara,NZ,2022-06-11 18:41:03,-35.1667,173.1667,58.73,88,100,19.1,overcast clouds
585,Wattegama,LK,2022-06-11 18:41:04,6.7989,81.4808,75.78,86,100,5.68,overcast clouds
586,Chiang Khong,TH,2022-06-11 18:41:05,20.2613,100.4046,73.42,99,100,0.36,overcast clouds
587,Naze,JP,2022-06-11 18:41:05,28.3667,129.4833,72.52,88,100,9.17,overcast clouds
588,Cervo,ES,2022-06-11 18:41:06,43.6702,-7.4101,61.97,93,100,15.97,overcast clouds
589,Santa Vitoria Do Palmar,BR,2022-06-11 18:41:06,-33.5189,-53.3681,52.25,61,40,16.22,scattered clouds
590,Ambon,ID,2022-06-11 18:41:07,-3.6954,128.1814,77.14,100,40,2.3,light rain
591,Ahar,IR,2022-06-11 18:41:08,38.4774,47.0699,59.94,76,35,2.28,light rain
592,Aleksandrovka,UA,2022-06-11 18:41:08,46.8383,32.7612,71.11,70,87,6.31,light rain
593,Malindi,KE,2022-06-11 18:41:09,-3.2175,40.1191,77.16,83,75,23.02,broken clouds
594,Brigantine,US,2022-06-11 18:41:09,39.4101,-74.3646,73.6,56,100,10.36,overcast clouds
595,Seoul,KR,2022-06-11 18:41:10,37.5683,126.9778,65.8,72,0,4.61,clear sky
596,Abeche,TD,2022-06-11 18:41:10,13.8292,20.8324,85.51,48,100,16.64,overcast clouds
597,Shirokiy,RU,2022-06-11 18:41:11,49.758,129.523,55.04,80,6,3.02,clear sky
598,Camopi,GF,2022-06-11 18:42:12,3.1655,-52.3158,80.46,90,51,1.97,broken clouds
599,Tsaratanana,MG,2022-06-11 18:42:12,-16.7833,47.65,66.63,74,0,10.54,clear sky
600,Bay Roberts,CA,2022-06-11 18:42:13,47.5999,-53.2648,73.15,61,95,15.19,overcast clouds
601,Chapais,CA,2022-06-11 18:42:14,49.7834,-74.8492,62.38,47,100,4.72,overcast clouds
602,Tazovskiy,RU,2022-06-11 18:42:16,67.4667,78.7,58.55,64,100,11.43,overcast clouds
603,Riesa,DE,2022-06-11 18:42:16,51.3,13.3,74.64,65,100,3.29,overcast clouds
604,Vorobyevka,RU,2022-06-11 18:42:17,50.6451,40.9245,65.86,81,14,5.39,few clouds
605,Jerusalen,EC,2022-06-11 18:42:17,-2.6936,-78.9323,58.82,90,97,4.14,light rain
606,Kaohsiung,TW,2022-06-11 18:42:18,22.6163,120.3133,79.03,91,40,6.91,light rain
607,Wadi Maliz,TN,2022-06-11 18:42:18,36.4681,8.5495,78.46,47,0,4.92,clear sky
608,Yuli,NG,2022-06-11 18:42:19,9.6989,10.2744,82.87,61,24,5.21,few clouds
609,Nicoya,CR,2022-06-11 18:42:20,10.1483,-85.452,84.47,72,96,0.94,overcast clouds
610,Villanueva,HN,2022-06-11 18:42:21,15.3167,-88.0,91.04,66,75,9.22,broken clouds
611,Jian,CN,2022-06-11 18:42:21,27.1172,114.9793,70.56,95,100,2.26,overcast clouds
612,Korla,CN,2022-06-11 18:42:22,41.7597,86.1469,81.27,22,97,12.3,overcast clouds
613,Piotrkow Trybunalski,PL,2022-06-11 18:40:48,51.4055,19.7032,71.42,54,69,4.38,broken clouds
614,Imbituba,BR,2022-06-11 18:42:23,-28.24,-48.6703,60.1,64,0,4.0,clear sky
615,Esterhazy,CA,2022-06-11 18:42:24,50.65,-102.0843,74.25,46,100,6.31,overcast clouds
616,Ziway,ET,2022-06-11 18:42:24,7.9333,38.7167,70.54,57,98,10.02,light rain
617,Cacapava,BR,2022-06-11 18:42:25,-23.1008,-45.7069,70.05,72,100,4.74,overcast clouds
618,Javornik,CZ,2022-06-11 18:42:26,50.3908,17.0027,65.66,73,25,3.33,scattered clouds
619,Hope,US,2022-06-11 18:42:26,33.6671,-93.5916,84.25,62,41,4.25,scattered clouds
620,Galle,LK,2022-06-11 18:42:27,6.0367,80.217,79.95,85,100,11.32,light rain
621,Sidrolandia,BR,2022-06-11 18:42:27,-20.9319,-54.9614,64.08,40,100,9.84,overcast clouds
622,Diamantino,BR,2022-06-11 18:42:05,-14.4086,-56.4461,69.8,70,100,9.19,overcast clouds
623,Sao Miguel Do Araguaia,BR,2022-06-11 18:42:28,-13.275,-50.1628,91.18,26,91,1.32,overcast clouds
624,Te Horo,NZ,2022-06-11 18:42:29,-40.8084,175.1233,50.81,91,100,7.0,light rain
625,Kayseri,TR,2022-06-11 18:38:58,38.737,35.4968,73.42,43,40,1.14,scattered clouds
626,Druzhba,UA,2022-06-11 18:42:30,52.0428,33.9453,68.81,74,89,1.81,overcast clouds
627,Eureka,US,2022-06-11 18:42:30,40.8021,-124.1637,77.18,77,100,4.0,overcast clouds
628,Rincon,US,2022-06-11 18:38:18,32.296,-81.2354,90.91,64,75,10.36,thunderstorm
629,Karasjok,NO,2022-06-11 18:42:32,69.4719,25.5112,56.55,78,100,5.08,overcast clouds
630,Gambela,ET,2022-06-11 18:42:32,8.25,34.5833,75.42,73,50,2.77,scattered clouds
631,Vaasa,FI,2022-06-11 18:42:33,63.096,21.6158,64.29,67,75,12.66,broken clouds
632,Tura,IN,2022-06-11 18:42:33,25.5198,90.2201,73.92,98,88,8.37,light rain
633,Bandarbeyla,SO,2022-06-11 18:42:34,9.4942,50.8122,79.59,78,100,29.82,overcast clouds
634,Tucuman,AR,2022-06-11 18:42:35,-26.8241,-65.2226,64.4,48,65,4.61,broken clouds
635,Northam,GB,2022-06-11 18:42:35,51.0333,-4.2167,61.61,79,100,14.27,overcast clouds
636,Gravelbourg,CA,2022-06-11 18:42:18,49.8834,-106.5512,71.87,31,100,8.72,overcast clouds
637,Codajas,BR,2022-06-11 18:42:36,-3.8367,-62.0569,78.6,78,100,2.75,overcast clouds
638,Prince Rupert,CA,2022-06-11 18:37:59,54.3161,-130.3201,51.89,80,100,26.46,overcast clouds
639,Douala,CM,2022-06-11 18:42:37,4.0483,9.7043,76.75,88,53,3.76,broken clouds
640,Araouane,ML,2022-06-11 18:42:38,18.9048,-3.5265,99.12,7,1,5.44,clear sky
641,Tias,ES,2022-06-11 18:42:39,28.9611,-13.645,71.28,73,40,19.57,scattered clouds
642,Adrar,MR,2022-06-11 18:42:39,20.5022,-10.0711,101.62,8,88,2.66,overcast clouds
643,Santa Rosa Del Sur,CO,2022-06-11 18:42:40,7.9644,-74.0544,78.66,65,100,2.46,overcast clouds
644,Dryden,CA,2022-06-11 18:43:40,49.7833,-92.7503,64.69,45,0,10.36,clear sky
645,Dalianwan,CN,2022-06-11 18:43:41,39.0286,121.695,66.24,88,0,8.95,clear sky
646,Chippewa Falls,US,2022-06-11 18:43:41,44.9369,-91.3929,71.78,88,100,5.75,overcast clouds
647,Cordoba,AR,2022-06-11 18:39:26,-31.4135,-64.1811,68.85,32,0,10.36,clear sky
648,Saint-Francois,FR,2022-06-11 18:43:43,46.4154,3.9054,80.04,47,0,3.44,clear sky
649,Sao Felix Do Xingu,BR,2022-06-11 18:43:44,-6.6447,-51.995,87.44,51,95,2.68,overcast clouds
650,Saint Augustine,US,2022-06-11 18:38:53,29.8947,-81.3145,92.08,63,75,10.36,broken clouds
651,Srednekolymsk,RU,2022-06-11 18:43:45,67.45,153.6833,52.5,58,7,1.52,clear sky
652,Caravelas,BR,2022-06-11 18:43:45,-17.7125,-39.2481,75.83,79,67,8.08,broken clouds
653,Bani,DO,2022-06-11 18:43:46,18.2833,-70.3333,90.84,53,98,16.15,overcast clouds
654,Sobolevo,RU,2022-06-11 18:43:50,54.4299,31.8996,62.24,93,16,5.35,few clouds
655,Palafrugell,ES,2022-06-11 18:43:50,41.9174,3.1631,81.34,52,2,1.99,clear sky
656,Nizhniy Ingash,RU,2022-06-11 18:43:51,56.2,96.53,55.65,69,9,4.94,clear sky
657,Perth,AU,2022-06-11 18:43:00,-31.9333,115.8333,62.78,97,75,6.91,broken clouds
658,Oxford,GB,2022-06-11 18:40:13,51.7522,-1.256,67.86,50,20,18.41,few clouds
659,Mehamn,NO,2022-06-11 18:43:53,71.0357,27.8492,44.51,81,100,11.74,overcast clouds
660,Houma,US,2022-06-11 18:43:53,29.5958,-90.7195,91.99,71,75,17.27,broken clouds
661,Mayya,RU,2022-06-11 18:39:46,61.7333,130.2811,52.92,83,100,4.9,overcast clouds
662,Shimsk,RU,2022-06-11 18:43:54,58.212,30.7127,60.62,76,9,2.26,clear sky
663,San Andres,CO,2022-06-11 18:43:55,12.5847,-81.7006,75.22,100,100,10.36,moderate rain
664,Sandpoint,US,2022-06-11 18:43:55,48.2766,-116.5533,67.42,77,75,9.22,broken clouds
665,Monrovia,LR,2022-06-11 18:43:56,6.3005,-10.7969,78.1,85,100,8.7,light rain
666,Brae,GB,2022-06-11 18:43:56,60.3964,-1.353,53.15,91,100,29.75,overcast clouds
667,Luau,AO,2022-06-11 18:43:57,-10.7073,22.2247,61.95,47,68,3.47,broken clouds
668,Vozhega,RU,2022-06-11 18:43:58,60.4725,40.2213,49.39,71,0,3.71,clear sky
669,Sangar,RU,2022-06-11 18:43:58,63.9242,127.4739,51.46,84,100,1.28,overcast clouds
670,Linxia,CN,2022-06-11 18:43:59,35.6003,103.2064,51.85,67,9,4.0,clear sky
671,Salinas,US,2022-06-11 18:43:59,36.6777,-121.6555,93.0,51,0,11.5,clear sky
672,Kailua,US,2022-06-11 18:44:00,21.4022,-157.7394,81.48,69,40,9.22,scattered clouds
